list_1.csv: 3,['5dea5ba4446c901777bde897', '627a74404bebdd6d9e36c07b', '611126138e0881e9129299c8']
list_2.csv: 3,['5f569a0ff9c7250ee0bfd713', '5b1954512767e20001e4e351', '62e20f81c52a6691c22a8a26']
list_3.csv: 3,['60ff2fc7ff799a89b38e6adc', '5aeb8db38db5b00001ad8d26', '62c4f82ca86e047e4e1df9b1']
list_4.csv: 3,['5e1d0bdfdc1a170a132a6980', '5f172561f5899204f917ece1', '5ef1980b60a4447bc1a5408c']
list_5.csv: 3,['6062aaaac8c0cf29c2c50283', '6112a17dedbb2cd8557c942e', '6099b0edd748d8741d05ca26']
list_6.csv: 3,['5dbbb58c03a8561923e97d90', '62990c4098cda1cbab0226be', '5d1a1b598eabd8000134603e']
list_7.csv: 3,['5bdbf2d92562330001b8d056', '5f5eb22e58c9fb7782a6e90c', '602c5fd808e6c3528a8ba43b']
list_8.csv: 3,['58a2788898124900015923bf', '62962081623fdb8a89196208', '62b9fb762d39970991c842ae']
list_9.csv: 3,['610774b4287f9c2ef3361823', '6100818e5e4341f9725ba47f', '5f4f1795c7230316afc2b88a']
list_10.csv: 3,['610095d00203110217b89d37', '60d13d406f3b34d6791c8831', '60feef6604376e109caf9f55']
list_11.csv: 3,['5ee3a34e16ad19048aef74f6', '60f989f2b726f86c3d24e13e', '62b44aa4e70c236ee738d744']
list_12.csv: 3,['607ce9df61f8f44b9403edfc', '57a761c22fc0d400012c9656', '62840ccca4e83b85b1c11a27']
list_13.csv: 3,['6168b61ad8c0d63b37a92109', '613565b78eb368c4b14cdb54', '5e5eddc2cf9c0421512e2591']
list_14.csv: 3,['5a8d8079190420000156435d', '627892b9d1e41df8b9679538', '5c9293accd8dd00001d0b129']
list_15.csv: 3,['5fcadf5fb7ecfa000b14a31e', '5dd14dd31e70da1d0ee5bab8', '62ac7b54e6dedee3369c8c11']
list_16.csv: 3,['5bd77196beca730001ced094', '5a89cc2c000dab00018cbd38', '615ddab1e4f013092538b6c5']
list_17.csv: 3,['611c09f3095bcdd39a9c2d43', '5ad0f1934d061300011b0a4d', '6104d3fb963cc35cce54f983']
list_18.csv: 3,['5fc035f6c039c1402117124b', '60fd6618f9a377f54dcdf318', '60f989f2b726f86c3d24e13e']
list_19.csv: 3,['5e0991a71d460724ba56794e', '5f38e87099a44d40b79e5009', '62c5c9f8c5b8fe2b92779adf']
list_20.csv: 3,['60b3e6ad448226548d21fc4d', '617232a11d494debdf0fd605', '62d9cf09c21090c5e175de6b']
list_21.csv: 3,['61436bd26638b05527a135cb', '60ff4b94835d8a0e7c40ac96', '60d9faa609c8dcb9e5e05481']
list_22.csv: 3,['5ea92954ef7ece00096faf5a', '5fb96b9798cd084465b0bf36', '5ad9cc7ddfcfcb0001e667f3']
list_23.csv: 3,['62b246d6524e95bcd6ab9c49', '5fd17ccbc609c51771faccb7', '6142956741a96afc95ffffd7']
list_24.csv: 3,['5edb011e1d16bd76ccb427a1', '608f2aa883599160c8b87a79', '6075ff702ca9dd94767cca11']
list_25.csv: 3,['60f25dab8728663a3c3528a9', '5d3a3fb79f1307000130bc0d', '5cb5686fc591ee0014b81ae3']
list_26.csv: 3,['595d6ad8833cb200015429e1', '5ef1d4844c5f9a7eb9a0101a', '5c35ad4bdb7cf60001204af9']
list_27.csv: 3,['628e24c80b3e2b2e0d7a5af1', '627a861608f88b4d143e3738', '615dfbb483f8480303655714']
list_28.csv: 3,['6299b56f4e0a0c8a26fd3751', '5cf91ace3bb7c4000162318c', '5822607712388b0001e127df']
list_29.csv: 3,['5e059d2bb1fb05fd1f841142', '5d8bf1feda7a64001a69bd18', '614e64473e9073bb219b270d']
list_30.csv: 3,['6111af66416e6b35a638c489', '588e3172bc9f190001487eb8', '62ac7b54e6dedee3369c8c11']
list_31.csv: 3,['5f51135fd3e0342eda5f66c5', '6060bdd2935a3eb3bdcdb835', '610e621e72d7951be3887653']
list_32.csv: 3,['60446059d027864e2c4c1fcd', '60b6b4d12a9854d3385bc768', '629668d2eeced89db00b93bf']
list_33.csv: 3,['6085bf84bb0ce00524154c60', '604fc236aa7494027d55c553', '5c08b0900ea1410001aa1636']
list_34.csv: 3,['55a29659fdf99b5ff49937d3', '5c90094e71f3100016181ea9', '60ac38ab2405314d4be6d529']
list_35.csv: 3,['61429da901b389e7a09182aa', '608e875414e027cb3b277df1', '6112a17dedbb2cd8557c942e']
list_36.csv: 3,['60308baa5bdba4efef5eb736', '60fcce9918f1474731f9f090', '56ee016b65ca4d000cc39d28']
list_37.csv: 3,['5e57658f2019d510a3b01c7d', '61004d1eddc146ae4bce0468', '60fd62870049129d0183b3ad']
list_38.csv: 3,['5febd397ad8fbad21bcd6182', '5f7dd6ed4303f7000814dd3b', '5fb4ba1f010deb2397098996']
list_39.csv: 3,['60fdca93bc5bb609e9abde91', '5ffff3ac6fc9001772ea3312', '5eb52896e034073a7b8aa981']
list_40.csv: 3,['5c411edd4f48240001b358e0', '5fee56448422b4c76f2a3b7e', '612f29b6d2722638f3ae60b2']
list_41.csv: 3,['6297d4ad03a1830f21d22cb1', '6015d4900be39370f926ec22', '5f172561f5899204f917ece1']
list_42.csv: 3,['6101dd4b5f35839020a936de', '60adae67a051a0a5c138c571', '60e6759510050273bf3cd503']
list_43.csv: 3,['5e2380c152e7a66358a276c5', '5fd6f9baf0478a6884dc0be6', '6109a27b00ec08c27990eb67']
list_44.csv: 3,['5ec3884fa0c1ef0009b57549', '5692e00c8d93fe000efa0459', '614f23fabc0fcaa3cdfb9e05']
list_45.csv: 3,['58d222571877ea0001159e4c', '62b09bc02efbcc7d0dd81f3b', '60feeb9863deb0f3a9b10ef8']
list_46.csv: 3,['60e7fbc3b1136e94798918be', '5a8b3fa3b093f80001a80576', '5fbc1367373b9307763985c0']
list_47.csv: 3,['60fd7354eaaff1e037e589cb', '5fecf42213597ca181151aad', '5a876665ae9a0b0001a9fbe3']
list_48.csv: 3,['614567082fec2310a398592e', '5ff7a8b2c0a7854b6ce5c375', '62a171d50d6c4f89905ced80']
list_49.csv: 3,['5c83394a3e93bf0001e143d6', '60ed200c728ab881912aac11', '60952cf5021566048602c467']
list_50.csv: 3,['5f8cbc5c355ea745e6cef2ca', '5f172561f5899204f917ece1', '60fd896f1064109b15a2d989']
list_51.csv: 3,['60fceeed36ac6ea26b64e645', '60fc608d09553e1faab9bda7', '61115c76a6032b5860f19bc5']
list_52.csv: 3,['5e3d1e64a7fef910d9b360c0', '60a7b54f182e4ecb0b53874a', '610668d21a94f91fc2fd6840']
list_53.csv: 3,['5dd4c20186c8864a376f7480', '628e24c80b3e2b2e0d7a5af1', '5f5918b850e39f115fe81297']
list_54.csv: 3,['627d0848837a688546a3dfbe', '6283e1c0021bbb06c7748609', '615a246b9484d07bb01d0724']
list_55.csv: 3,['6234e0d21fd4424ca06648fc', '60b5b426d7e50f69a524a58b', '58eec4b09fbdde00011e95b0']
list_56.csv: 3,['61180000f554e49f07fd524e', '5cb23ee5de80dc00168f6aea', '62db94b89c54f3954f665767']
list_57.csv: 3,['5b202c787f6f86000196097d', '6021e09b32372e2692b636c3', '5e6813ada1c2de09bc51d9b2']
list_58.csv: 3,['5f7adf44d2ddfa74d5019c3d', '5fd53e2d08163d37f7cb72f6', '60fdaef9697a239debe0fdc7']
list_59.csv: 3,['60ee8b5fa9e5f2e7ae9bb358', '5eddc8a72514f6af43655a8a', '6111507a94fe9a442d034c03']
list_60.csv: 3,['5fb96b9798cd084465b0bf36', '610898813e48dc2864965122', '5c51d7f198b0ff000110dba8']
list_61.csv: 3,['60ffda33e6adc54e6cde621f', '62b4805510134a754ba41a0e', '614f73585d5d21e7ee02d058']
list_62.csv: 3,['5e28e8730fd86a0a19e084cd', '60204556a5fe01622758e71d', '61502f4b1b144c908d1b1989']
list_63.csv: 3,['5d1a1b598eabd8000134603e', '6094a41f36a19091aa12d460', '5fce6233431cce052b7eea28']
list_64.csv: 3,['60fc7d423aa600bbb01b7813', '5df9846d76f45070feedf075', '62d973ab51e0792ef9ce6493']
list_65.csv: 3,['6155d220a00a02944ff82437', '61549a2caa92d84f392000e9', '6116aa8875bdab57cab52804']
list_66.csv: 3,['615e3c6bdb7c4e8e2ee86818', '5f46debeda9c140b906d8042', '5e172ad9c2642a0345b911b7']
list_67.csv: 3,['6107f318a5a3d70640835aea', '5ff39ec71d6cb49c6c906727', '62a2448b90560aee499ac392']
list_68.csv: 3,['5aef47793c80f200013afc0a', '60fd56db5fe37ebeca00bc83', '5e6892280d869913d38323da']
list_69.csv: 3,['5f6f80c2da0d9851fdd4fc53', '612d9487d2c89602579cd911', '603000ac19eaccdcf8b92e62']
list_70.csv: 3,['62a5735bb7e7a3d72e2dc1bd', '5e6ca4b9a2b73d25c187ae61', '5cb647faf05de00017e16534']
list_71.csv: 3,['6295b8ee0f51176be80d3849', '608da8c4ebf34c3c1dd54f25', '60fe4681e5256605511c0dbe']
list_72.csv: 3,['5deebb555c4435044e648c7f', '6136dcd3faf36cac08e0438f', '611924eb0a231a0847ac2a5e']
list_73.csv: 3,['608841496e9715786abdcd13', '5f5693e5bcaf350e1f937fbe', '60ddc7abdf6661b9c294691f']
list_74.csv: 3,['628299f3c09bdc186aff9d19', '60fe69aeb5cdecd5019999e1', '565a4547c51d43000587507d']
list_75.csv: 3,['627b5aecd9b0673d05d2de9c', '5db06709e8d5b50019c3bd88', '6110b51bf43f377f957c80df']
list_76.csv: 3,['610077e92322c3c219c857a9', '60f6e8201abc0ee65fa0fd64', '6283bbad3d50889bf5901b4b']
list_77.csv: 2,['610c338b26c3318ccf53c778', '5c9e89d950dde20001ce12b3']
list_78.csv: 3,['5f974c72a0ed8c0f9ce724ea', '6297686a56b449910aaba68c', '5f9fb315ae6f085ff96c0cac']
list_79.csv: 3,['5cd35951e6c5fd0001742144', '5df3c4d779f2fa29e47efeeb', '57a6bacceeaf6d00018d64da']
list_80.csv: 3,['6289d7348f5ca00c6d76f6b7', '5edd13e3858a15a07241964b', '610a2019b9154b7005503d15']
list_81.csv: 3,['606f9d0acf2ee8be316507c5', '5e0f443e8205266652153f5e', '5a25918eeee3bc0001a037fe']
list_82.csv: 3,['5f5353ff017c5965165df065', '5dd3d566e05cad3b130de19a', '6115876c2cec0c96c418f906']
list_83.csv: 3,['5f2c4bf4e4f3080e6a469fcc', '60204556a5fe01622758e71d', '5fb450895384870ee7e09712']
list_84.csv: 3,['5c3d07a85a994b0001c10bb2', '58578946c41fd90001434680', '62c385e91a8a6d0e4e57a657']
list_85.csv: 3,['6172fac257895f125f72bdf8', '62a171d50d6c4f89905ced80', '5f5bf7133817c03d6ec9ef04']
list_86.csv: 3,['5d226b35d75330001c7a3d95', '62a8043b4d175a07e5250a72', '62b66f9e7e9410854b1a987c']
list_87.csv: 3,['5e27727328b7b698b037ee6c', '581dd1d1cccc4800017ab5c2', '60da4934183222ca33406fe5']
list_88.csv: 3,['5eead5499c6aa82002109845', '5d4c920ff84e9b0019c1aff4', '5eccfd5e040498000acbab5c']
list_89.csv: 3,['5c67338e7d17f800013f6176', '6290ec64ea6c2a6dfe76cead', '5b189bdd44127b00013f9c7a']
list_90.csv: 3,['6100158db3080c7b157e85f1', '5c29b88810677f0001dc2c56', '62beeb6f3c569e8e13b76dea']
list_91.csv: 3,['6100f9d7ab939cf37d1bc912', '5e33c9406bf31c38d16928a3', '5e160420acd5cebe307c9223']
list_92.csv: 3,['60fe22beeb612ead4d261590', '5d6349209b22da000117b1bd', '62c27a8d54dd78a8d7a31572']
list_93.csv: 3,['5ea3b1b9fc11ed33dde53561', '59ff81fd5d06850001afeeab', '56272eeeddff3c0011bcdb7e']
list_94.csv: 3,['62b0907a18ec1f7fe00883bb', '5af529ca222e4d0001878444', '5c677c08b1b0080001bfbdc2']
list_95.csv: 3,['607cc53ae36a9651f1620f66', '62b9be2d34a053c8a3c0df16', '5f4af662edeb8515330d6405']
list_96.csv: 3,['61501906650cf6b1acd23c63', '5df861926aab7c5f659dfd85', '5ea25b82a46065174c689daa']
list_97.csv: 3,['60fea91f76d743082de15b7f', '5ea902d1e83cc835da4ee4ee', '612045323e7f2fc71effc485']
list_98.csv: 3,['615de059d7d61d7ecb781277', '5e55c629171aa20a11be18ea', '6004958f47a3a761bdbbb72a']
list_99.csv: 3,['5dd6c452deb756649b62fb7f', '57309ff730a556000fecdd4b', '5f59238e202b4d13191b6852']
list_100.csv: 3,['5ff39ec71d6cb49c6c906727', '6296ecaf7ea72c4951583ffd', '5d230365b7ca9a00017d8919']
list_101.csv: 3,['61004c113eeebb647c92a0c6', '62bd685ac3edc9ad0d77812b', '5c2e3ea54f0e840001c08da9']
list_102.csv: 3,['5fda9e23af5bd776642abb07', '6141ae8cdadddb6e0242b49d', '5f5ba66db8e6413162a5c703']
list_103.csv: 3,['62d63f972993d71895856933', '60fe095a27a19c4dc0eb5e0e', '6100681a5aa117d1ccffb274']
list_104.csv: 3,['614eb8b06d3d1fcc1d0d6596', '6096ee4ed5f41e6e17598ec9', '5dcba335ff014d85185aefa4']
list_105.csv: 3,['60f8adb9a315f316c3aee425', '5ededc7ab3595e17ef9533df', '62db65974580c839782974c8']
list_106.csv: 3,['5fa05311a49985065532b2ab', '608a4f6377a8885a8b961be3', '5dc5bd296a8a334443fbf216']
list_107.csv: 3,['62b5df7fe62e868f6e2cdb93', '6110b51bf43f377f957c80df', '5d8c46cc53b833001a4bf916']
list_108.csv: 3,['62b92d8d4ee56b4302f14a83', '6094a41f36a19091aa12d460', '613fa887602268be775e5b26']
list_109.csv: 3,['5c237be889f035000173c96c', '62872fa5a1cfe5df221d2447', '5b6515e83662a8000158b2aa']
list_110.csv: 3,['62a0b26c1d0fdfefe00c925d', '5ca227b36b36c400013ce15a', '5edd13e3858a15a07241964b']
list_111.csv: 3,['60ca4cfb5c287146cad0695a', '60455511710c89680924f7ac', '5d92a47e503fb200182d6aa5']
list_112.csv: 3,['5c03217b1a20110001e979f0', '5e573ba5ad27610fa25300aa', '5ce17c1b1d1060001a810ac6']
list_113.csv: 3,['6115cdf0718c2eab53c64905', '5f77b243c99f31316e4cae58', '61bb370140db417c1a138984']
list_114.csv: 3,['5ee8c7fc15b7921df9c2d2a6', '604c6a1d94637f323c7a975d', '5a519789e0cf3d000125ee02']
list_115.csv: 3,['59a4b7e0c9281e0001c1bc8f', '5f877a6ab61b8e1b012dc66c', '5996673d7c41bc00012e5edb']
list_116.csv: 3,['6286c4c0df22b592d4ae632a', '5f643b56fce4571cbb1fb824', '60fe5023669d89db90fbf3e5']
list_117.csv: 3,['611b38dea7f1754225fa39bf', '62d6db9378cf8aa27f664a6d', '60446059d027864e2c4c1fcd']
list_118.csv: 3,['5fafd86597dc092b87957db8', '62c2d9cda4d70745c63e5b65', '61507c30291069d83501fdad']
list_119.csv: 3,['5dd55364dcec8750a2efc32b', '58d9a79c33fef3000118abdf', '6111a1563a1ee66375aa174b']
list_120.csv: 3,['6289d7348f5ca00c6d76f6b7', '5f0a686635f72917e94c7a63', '56a38b45dbe850000cfd50c3']
list_121.csv: 3,['628f8ebcf49cbc7cc6e7d873', '62a3155c5cd5a19c5b1c8318', '622e06e4046635b0eb64f103']
list_122.csv: 3,['5d92a47e503fb200182d6aa5', '62910c6245f2e3ff9c949416', '60b98e805f90520bd582802d']
list_123.csv: 3,['6292289391b6a2c1033653c8', '5dd5ab52393bd3567eec92a9', '5ace7a9be9d7a30001c2d8c7']
list_124.csv: 3,['6122febf3394e7c4d3f5e65c', '62b35a7d9d9cd966ebcf3ef8', '5bf350a017a7de0001cf746a']
list_125.csv: 3,['614016b99ef934f87c7ee4da', '6029b0e17f3b5d944ab183f1', '6176bc7c89440da1766bad5d']
list_126.csv: 3,['62875d4f1887296e3288b770', '60ffa6897fb3a9fe511b34d1', '60d784db7de1cc8f3d59d3a6']
list_127.csv: 3,['5cfb5233df7d70001619ca90', '5eaa5d8b040c211e56dc98c0', '5e8519a0da382910980598ad']
list_128.csv: 3,['62364dfeaa620673cd7af4d4', '5aa61dd36475f90001a05dcf', '60f1faa39def9e1f15734734']
list_129.csv: 3,['5916bba1c40353000150c46c', '558a327cfdf99b2d75651681', '623e8acb225d566928a597e1']
list_130.csv: 3,['615f882d403f68f51efd96e9', '6292056a8669c2d1fd3049fc', '5aea962d0ef2f20001858c9c']
list_131.csv: 3,['5e935de580280569a374fa97', '5e624325a1f2fb03d6e8e4e1', '62a2adb16716c2e0c8d3c07a']
list_132.csv: 3,['5ec5df38e15156000b726544', '5e8fe87009881f2ee83521fb', '61117d5681db402c91608f51']
list_133.csv: 3,['5c11f3face422b0001d69416', '5fecaa563803bbe5ddd072b7', '5eeacb3eaad7c61f7b86dc06']
list_134.csv: 3,['5c9fe7385aeef10017150a93', '5c0798f829ddf200018ac104', '62db76a315d362749f584469']
list_135.csv: 3,['627e6e9ed608b5269d068e69', '62b9ac6985ffc440afc9232d', '5f50196326475e18b036b372']
list_136.csv: 3,['5e3a1f1580af1024ad25be3f', '6273e1a14b8d6ecce2131721', '5e92a1a4fc57e20f92eef47f']
list_137.csv: 3,['611b39726e9958645cd37e18', '5cf16a90201b8000170c7b3f', '610095f8a2dcadd3b827b5ef']
list_138.csv: 3,['62924256407ac0e6125cf0ce', '6035a4279d3d76f495f97b30', '6031686c69d354090c347efc']
list_139.csv: 3,['62799c65d20a6003b6a0494c', '5d7c6d39a9f18900015f3094', '60c6b13a446277244eec6950']
list_140.csv: 3,['59d0ec2446447f00011f0254', '6234ae5324f1a9400a95f909', '60ff37dea06f73a822437e00']
list_141.csv: 3,['62ba781678702f7ce2d0458c', '605f90b2f6a5b2741580b5eb', '62c30662754ea217c17468e2']
list_142.csv: 3,['60d2cf988de167c9da56eeb0', '62b0a55de2858909f78079fb', '6045c416b5547f70e3917c12']
list_143.csv: 3,['5d51ffd641a6aa0019ca73df', '5c50ccae2423780001085cb9', '6110b5d2ae8d090823e2e24e']
list_144.csv: 3,['6104d73b7cdac0a47a905f0d', '5edbd55ddc4bc508d77f8e41', '615cf2d3e9dfb81e7ef3668d']
list_145.csv: 3,['6287004fc06a060cbf5c6642', '629797a5f0a12d71ccb37a09', '62b259a6e5410e84dc917d43']
list_146.csv: 3,['6111ad7c064a7c16eeb2fb77', '623534a4823206b94cd659b3', '629ff307031e3b1f06456e78']
list_147.csv: 3,['5693450f8d93fe000dfa061f', '62aa28c1027ae7d68ef3571c', '62e1d53ad31709b6db8e1ea1']
list_148.csv: 3,['5b060d9e68eff50001d1a2c1', '608767dac6e782860c6abdff', '574eab79c18847000e071119']
list_149.csv: 3,['5c86ce55f2d62e001975e0ad', '60fc5d49ff20168d794fe083', '5ae2641f5cd05500015ece71']
list_150.csv: 3,['5ae5b7e26735bd0001d7dfe3', '629a36d3219ee1c5bc3073df', '59db7128e776fd00015ec895']
list_151.csv: 3,['5d5d431608a4b10016285091', '627162e2dd382fa53644bb4c', '62e455e0c0c64273340382fd']
list_152.csv: 3,['5c3b6b634b1ed90001bacf13', '610a212f38e2516d24c27835', '60da85dbae74ca4d3619b17c']
list_153.csv: 3,['627e87c0cb1914abe2332bcc', '6272a3a4c32d6afab1113d43', '62e1eabe8e87096a831bda48']
list_154.csv: 3,['6113ad4d3cf80aa40e77bbb8', '5a6c076fd5d4cb0001d65a17', '603586b312863f6333cb8492']
list_155.csv: 3,['6292d1f090c17e291ae3741d', '60fcf110d2d4a115c136cb90', '6116aa8875bdab57cab52804']
list_156.csv: 3,['5a6eac90d5d4cb0001d6815a', '60f82652e4a51f6c25722d1e', '5cd8aebb5df66e0001d572c4']
list_157.csv: 3,['5f524e7407f3574c7f05fa45', '5ba11ef1c3daf0000140b19c', '6109b6b467f6822795ef6910']
list_158.csv: 3,['627ec511b0b0f3ecf6986fc3', '5a9262251eda410001360b2c', '576da3d1a4c3bd000118ba09']
list_159.csv: 3,['62a1b8d652f56a471ec67c7e', '5ed1e5502da145144b50260e', '55c5d75efdf99b255411b190']
list_160.csv: 3,['5fac564d924fc920890fa307', '6107088428de1480e9588e38', '60fee712cac724d08d2d8858']
list_161.csv: 3,['62910c6245f2e3ff9c949416', '5d1c39079d6c1700015ca55d', '55914b15fdf99b1e5e44e714']
list_162.csv: 3,['62851102d56842a48361f9d4', '53987712fdf99b68e3a45021', '6007776684975127676717c4']
list_163.csv: 3,['628494ff07588fd08c37117b', '61127f084f03e7643f7b0f98', '610cd4b00344b3c3e14af667']
list_164.csv: 3,['62b1ddb9b98b2132e0843d26', '60fe6fa2d999fbf55d02ec23', '56ce6383465e58000d84710d']
list_165.csv: 3,['60062d68029e4198cea235ba', '5decaac46e09cf3792805023', '5eeaff28cf5da71d691ef212']
list_166.csv: 3,['60f5b953f3872da70ece4357', '60ff7440ba8887f8c37c94be', '5c919a87707ed900018591e3']
list_167.csv: 3,['627d0848837a688546a3dfbe', '5f32e130f2bc3308c42ca980', '5c4242e047e71a00015ca62b']
list_168.csv: 3,['5dd31d3216d10c341d2d2c7e', '5bf45c3f3a46830001a68146', '60ea823910936e7bff37d86b']
list_169.csv: 3,['5953d01e4d560700016462da', '5bb9f08bbfb22b00019e0928', '62b0ba617a159a9755765f8e']
list_170.csv: 3,['5cf16a90201b8000170c7b3f', '5f96301839be85178cb37e0a', '5fbd371dc57ae80a38ba00c2']
list_171.csv: 3,['61078972d4d5feb1d8b8a651', '5fa588fdac9a75091aa2ddd4', '5f0e0f586b19351132514f4d']
list_172.csv: 3,['55cc19c7fe3304000562562c', '6100a7d308e142f9066458c2', '60c64998f871d5c80a7ed14c']
list_173.csv: 3,['60fe250b3984cfdf32c05860', '5bdc96a7ba6cc10001854ac8', '62e023b0665c26fbeca9e44b']
list_174.csv: 3,['5f5ae0be76a9511f219212a9', '5dcdb60be64aaa07c14065cc', '610e063896c52970e2c24bb5']
list_175.csv: 3,['5d8e7fc072ef660014e1d52f', '5ca229d63861e700154363bd', '615f21154ed7d8415d52b200']
list_176.csv: 3,[]
list_177.csv: 3,['56ee016b65ca4d000cc39d28', '60da4621bd5df09e6f7e451a', '5ffc9aced96f6b11f83143ae']
list_178.csv: 3,['5997b3f8d0bcd10001dd902a', '610073106cd9344a29c8dc53', '6116f187f0db389b36196c1c']
list_179.csv: 3,['5ecd4acdb218ec085c6eefe6', '5f314c886de93f6003c963d4', '605910bdcee62314abcb6e1a']
list_180.csv: 3,['5cab7cc86d3a6e001519d9e9', '60cb676ccf9214de3fad6336', '6138c15bd47ecca8b56a704f']
list_181.csv: 3,['60ddc7abdf6661b9c294691f', '55d10258a392570012ea105b', '60a8094b6726b521080af9bd']
list_182.csv: 3,['5fe23e36a85a245ac834df4d', '5ae7b526a0e4390001f08e2c', '5c237be889f035000173c96c']
list_183.csv: 3,['5f75f7acfc647a0008811dce', '5e3a1f1580af1024ad25be3f', '5c7135f1bd8e00000172fdf5']
list_184.csv: 3,['5c376c85d7d06e000107be19', '61160a48189cddf97ebdb1f9', '611d2be161ceef6c9d25af13']
list_185.csv: 3,['612d890c774262d7afe06380', '611d5b78d4e190960256325c', '62952581eac36937c58074eb']
list_186.csv: 3,['614e2cd1989a33f47e767420', '603470186bba1c26a354c27e', '5fee6bfd99e7cf16b867b447']
list_187.csv: 3,['5f974c72a0ed8c0f9ce724ea', '62ac8d659c88fde55ead0662', '60ccc111be8215f95a1faf02']
list_188.csv: 3,['62b656851e00877b21dffc59', '62b21803ca7c9a473090b0a8', '5dceb9be381b67000e061142']
list_189.csv: 3,['5d36d88240502d00015c1f1d', '5fb0a3d6a8e4224b973e750b', '629642bfde2bf56c1ec2a420']
list_190.csv: 3,['62c3430ae19d78462af9e743', '610729a491019d9c3b961b62', '5d946449f5241f0018fe2af2']
list_191.csv: 3,['5ff39ec71d6cb49c6c906727', '610508c09d61c098f072605b', '5fbc2c78c568aa0c84232ce2']
list_192.csv: 3,['5700616b8a49c7000d0c73ad', '5ac5374da3ba7a0001b4a75f', '610b1c4ff0fc2764c3615320']
list_193.csv: 3,['5f6e2f793c9b1032dbe72def', '614d465852620924f85603c8', '60e797b64fca2922f9cd51af']
list_194.csv: 3,['5cdae588cc071e001a1cbbf0', '5f5aa60bef062519ff711fe6', '60ffb73a58e903ec16d281f4']
list_195.csv: 3,['5f2b33aeda65b0569e41f809', '5ef59d011c4119208ae8e40d', '589f84ba27c3bb00014e6ab4']
list_196.csv: 3,['5fae4da3bf842d08cfd0dcc6', '5e9178f2f3d82149fb87f6e8', '5dfac1ba83907981767ce907']
list_197.csv: 3,['5f988a053b4bf5186a5d6693', '5dc0ac2c441a2105cbb3bb0f', '5d4e24cdcc0b630001a2698d']
list_198.csv: 3,['6266bb112b25f2d6a4ebef7e', '55cb79e0fdf99b3c26ae4bca', '610b743b3f893111e9fa3986']
list_199.csv: 3,['5c26b151c4b6e3000152c0b8', '62b08773cf2ee3e1920099c8', '62d5f5a86369c56e557fff44']
list_200.csv: 3,['6171125c1d572c106f10824e', '5f484cef1d9c4630fdf85265', '600612a62facd195d940e24d']
list_201.csv: 3,['6170fd96a9bd6d37fecdff21', '612e91692cadff8a6962c5f7', '60e49d8302404edb1e133168']
list_202.csv: 3,['60fdd5750bf3c63079c26386', '614aed182df1674b10a4e704', '5f8f47710fba4518d5b46a59']
list_203.csv: 3,['5e683c4d6ca0f9000d3f35fe', '62acea8168da8226db324e58', '627b4be6048d4609ee975f60']
list_204.csv: 3,['6100366f23745d14d740d8ec', '62698063a6912c0277b32f57', '5e8bbb3680cbf20986c677e1']
list_205.csv: 3,['57313ba2070de6000f43384e', '5d730a3cf37bfe0001ff031a', '5b5d13d25256470001bc5ef2']
list_206.csv: 3,['62a8043b4d175a07e5250a72', '6108659f1801a78211976712', '5da8566c033d5700135798fb']
list_207.csv: 3,['5c0798f829ddf200018ac104', '5d6ab68809f9270001dac666', '614e51ba8bd7590a59e92f9c']
list_208.csv: 3,['62b0a77f67669b4fb6671cfc', '62b09831e93e5781e698b0ba', '5c9e89d950dde20001ce12b3']
list_209.csv: 3,['5e2888e5575c650360b8b7c0', '614ece6fdaa50e12e6f3f98f', '6298d20b980818fad3ef7562']
list_210.csv: 3,['5dcb1db49173807fc66660cb', '611183c67911657721712872', '6108a96b18a60ca754259026']
list_211.csv: 2,['5c6c6308edc7940001b921c9', '62b357375850094d9cdbe263']
list_212.csv: 3,['614e0825d40616c90ebc1d49', '628bc46fb36c234db08b5444', '62c86317d40b10294ce77e0c']
list_213.csv: 3,['60e797b64fca2922f9cd51af', '62b674f342eb19fc64ed0646', '62e43dc449e3413349955af0']
list_214.csv: 3,['62740df32a7f307b397869db', '615239af65358edf57e7a095', '5de5e808b5bed7570f53ec14']
list_215.csv: 3,['60fcc31ef256919fd2d35ea0', '5ec76194079cdc1b61767c3b', '6291861f8937c6bd60637cf8']
list_216.csv: 3,['5bef87523d79ff0001275154', '5ebf5264a1700d331489cf8b', '5f4274ec9523810688a90642']
list_217.csv: 3,['614eb0a92921d8c1e64f4873', '5a6f57166923df0001ef8d02', '615ddab1e4f013092538b6c5']
list_218.csv: 3,['5f0a1a071bd6332cf8eb0ebd', '5f8cbc5c355ea745e6cef2ca', '5eefdf19e45c1f170f2eb2a4']
list_219.csv: 3,['6290f1dd25ab958da5990fa0', '5aa8cf131ade740001b982ae', '6298b96f38f6715fdd491b2a']
list_220.csv: 3,['61501967e49a3d7e1977e4b4', '629474399dfd2c544f8c3260', '5fbb89e20ddd50a66ab62a67']
list_221.csv: 3,['60fd2420cbff997d056d4261', '60fcd6729035bdc55856d12c', '5d946449f5241f0018fe2af2']
list_222.csv: 3,['61078972d4d5feb1d8b8a651', '568d286ab5a2c2000cb6a91c', '5997b3f8d0bcd10001dd902a']
list_223.csv: 3,['5d79862d0e0a1400015483d5', '60fdf7fa6bebd218b540b497', '610af9910c4d079d84e855f4']
list_224.csv: 3,['5bea65135b7ff700013c946c', '5f356e8b725d18529807d33c', '5ac8f79068b65b00018d7ef9']
list_225.csv: 3,['5b79bd77c4e6ad0001d2f312', '5ee3a34e16ad19048aef74f6', '62ccde007512cce3600283e6']
list_226.csv: 3,['5c1bc0ab84ff14000184c2ce', '62866264394aea9d61adb089', '5dd31d3216d10c341d2d2c7e']
list_227.csv: 3,['5eaf02446c144d5e3a4d4562', '5658000ca9872d0011e1ba26', '5fadd22a79cb691ec66f0ff4']
list_228.csv: 4,['5c377e2f5c297200015669e6', '60ff1539d9a91f7b81bb2806', '610433a24f29391e4560d0d1', '62d63f972993d71895856933']
list_229.csv: 3,['5bef87523d79ff0001275154', '5dd31d3216d10c341d2d2c7e', '6100ad3174a06d6fb34718ce']
list_230.csv: 3,['59dd8d01ae9f950001d83c4b', '5e94a990cb8df531cc2138d2', '6297919e3cb4b32421130994']
list_231.csv: 3,['6109d15f510e56947f3f1bae', '629114177d82402f38c26a4b', '60b6c87613dc76ae924ce0d0']
list_232.csv: 3,['6164f968bc130e92452ae058', '5c11f8202b16ba0001c8b764', '5d3df9b23bf3780015abf56f']
list_233.csv: 3,['610cd5f2b38b2d1bffe55477', '615df1b1d27e6932fca18dfa', '62df08eda6b90956f6c9a399']
list_234.csv: 3,['6273eb463a91267c58510531', '6000ecd32d45fb22cf886ac7', '603a68aad98e955cdccb9aec']
list_235.csv: 3,['60b6d3e0b84a2c5fe47dcf03', '62e12fbfcfefe85c35468bff', '5aea83bd3ba4810001da92b7']
list_236.csv: 3,['5e0ec7e71d6b465f1884e2a6', '5d612ae16512d700159face7', '5d295e07d3edf9001a801625']
list_237.csv: 3,['610cd0b96470d70ab18955fa', '60f6e9b3ceb1cd87aae19cdd', '5dcf3dd1a4aa260871cd6471']
list_238.csv: 3,['615382445e5f3c85062b9218', '5f74f5230b907e1577eb3507', '628dec55823f672331c68577']
list_239.csv: 3,['5f4b01e7e534bc10f5b6388d', '59a88f5b321f870001d16d68', '5fcad4ecaacaf17c8640ebd9']
list_240.csv: 3,['60fecaac6ada4383c646974c', '57dd186e6598aa0001992616', '5fb96b9798cd084465b0bf36']
list_241.csv: 3,['5fd841c5c0a46117f2d392d8', '5b1dfad43522660001b4510d', '60fde4c44dde3e3f346ac1db']
list_242.csv: 3,['5e3dec90ce522506a9045e17', '59a4b7e0c9281e0001c1bc8f', '5c3ebb97b3369c0001a94fea']
list_243.csv: 3,['5fbeac7ed7690e07f99f6c7c', '5d60b5beea1c1c0001c98bf6', '5f02cea120393a16d40a9594']
list_244.csv: 3,['5b37f1837bc6be00010c9657', '5dd8da70fef7c2880a12500d', '60dbf6f5a1694ed71ee0fd7f']
list_245.csv: 3,['62b09e3d57f93ce7675413ed', '62354223d36eda662355a9c0', '60fce5ce36a96ea2389d4906']
list_246.csv: 3,['5bbafad7736db000016d8600', '5e07e9301d6b46148c904a0e', '616b2966d0aee4f9879a656b']
list_247.csv: 3,['6094a41f36a19091aa12d460', '5ffc012cfbc94b13159ffab5', '5f4f1795c7230316afc2b88a']
list_248.csv: 3,['5d27d44acdaf690001297992', '5e1f7b2a4c9b832b34e7c9d3', '5ee3a34e16ad19048aef74f6']
list_249.csv: 3,['61002947d99d3eb1380553ca', '5ae9cadf7de272000165843c', '629fa760fe340707d1dfd548']
list_250.csv: 3,['62b0d24d95bc72be2f45c720', '5f1be7d0ae31234123acbfd2', '5cb128db0d14d3001838eef5']
list_251.csv: 3,['62963cba834624f06ce0b80e', '5ea47210b166de41ed7b1d92', '5a90f2c9dbdb470001ee7eba']
list_252.csv: 3,['62c4d5821033848c1dc3667b', '58d9a79c33fef3000118abdf', '6111739b4db1a934aa0b1a6a']
list_253.csv: 3,['5fc3bac550130c21f8975bab', '5c745295821a97001763fb1b', '60fcfd6fcdf20fc77ba44fee']
list_254.csv: 3,['5d354c9f1c1e8a001e521262', '57a2caf8275be6000135b3aa', '62d86c63e2966588c71b9ff2']
list_255.csv: 3,['6100bb35c693a33f330df010', '58a43e029a17120001d910d5', '5de9569d5c340f05d554fbeb']
list_256.csv: 3,['5deb3ffdf375c625fa83bac7', '6100a7d308e142f9066458c2', '62bb0768872cc67370ad18a5']
list_257.csv: 3,['59757b95395bf80001bf9daa', '5efb37df80745a0577feb997', '6047d5d6fb17c206b9bb7ab2']
list_258.csv: 3,['5dbf8f6351b13c414a1c490c', '60f989f2b726f86c3d24e13e', '5c55faafb571e7000119e576']
list_259.csv: 3,['5c28a7d31c8e4c0001b2e0a4', '55ac22cafdf99b6de2fa7ee2', '5d3cc9010e510a00013df6f6']
list_260.csv: 3,['5daecd74894b61001a481522', '5ff93bd0f54f8322dfd7ab74', '610cd5f2b38b2d1bffe55477']
list_261.csv: 3,['6100b6365a3b961d941f7071', '61009432c7f5da94ea66e805', '5f34511f59accc19bb769258']
list_262.csv: 4,['6049ce85639e9d9230d2b09b', '62e0532289a4e5d9fedadde1', '60fe0e3c62944add47d0688a', '601853e07b43c40b35d066be']
list_263.csv: 3,['610d3f2e9d2333e4a86ca9bc', '61088a6f0372d8a146faa96b', '60764160ea8fb65a451525e0']
list_264.csv: 3,['5e05ab290db892fcd8036b1a', '5cf16a90201b8000170c7b3f', '613565b78eb368c4b14cdb54']
list_265.csv: 3,['6283b6f7072c9528da2696b6', '5e72ca5b264abb21732427cf', '61074aa08d154e2dbb9ef3ab']
list_266.csv: 3,['60b97c4a76d841451e007b9d', '5dd8da70fef7c2880a12500d', '5f172561f5899204f917ece1']
list_267.csv: 3,['627e81496ec3376233483049', '5c4783b51d1ad90001228d05', '628f6c6de40990241b09293c']
list_268.csv: 3,['5ea196f089935b04d2ee69d9', '628e24c80b3e2b2e0d7a5af1', '60ff3c8c47cd2ffa6b0be8e8']
list_269.csv: 3,['613e70cb54d161c1e39893ae', '5c3388fa01439b0001a0adfe', '6290f5a425ab958da5990fbe']
list_270.csv: 3,['60345f1a6f41922a712a186e', '6290378f1e03c1e6bc290df7', '5fc94af71bc5844113703782']
list_271.csv: 3,['5cef892f0c5fb30018fbdfbe', '5bc9f8b677740000016a08b5', '628db649ec2ce46bc626570f']
list_272.csv: 3,['5dec17c87aeafe30634f55f7', '610338297072b9f9634caffb', '5f2605bc88fe3a318d3b31c7']
list_273.csv: 3,['613b929f8155fb976005ac18', '6294ef62f9ff554aa9f1ba7b', '6296bb788e42ddcfa4eb713b']
list_274.csv: 3,['5c738934807f090001e54001', '5c42d84326217400018c02d7', '614e1599db14d8f3a5c1486a']
list_275.csv: 3,['5f2a856a87f6262b2f345c92', '5e3f778e91be661ca60e3540', '5c6f97ffd8ae4f000192fe18']
list_276.csv: 2,['622a943b60f2ad1efe55d25b', '5e07e9301d6b46148c904a0e']
list_277.csv: 3,['6267c3d17f88988d0d787c7f', '5bea20805b7ff700013c88f3', '5924f4910a3e3e0001f1018e']
list_278.csv: 3,['5c318ee243b64d000171d124', '608bfeec6afa5746bfc8d2be', '62d9cf09c21090c5e175de6b']
list_279.csv: 3,['5f0faedaef60ac1aa67935ec', '62b3b9203457fcb2a75beceb', '5f06e8146c99472609ebcf8a']
list_280.csv: 3,['607fe1df924739a885d805fb', '62e1af8553375a4bd388a22a', '5ef503fe30e972139a113bc1']
list_281.csv: 3,['6062aaaac8c0cf29c2c50283', '60c3ce95ac78e8c48d56870b', '6110a34807df3d33c4bc0d3e']
list_282.csv: 3,['5dd31d3216d10c341d2d2c7e', '5beb16d7c87355000153ab7b', '607cb450631abcc08e4f1b53']
list_283.csv: 3,['5f4c9e74da9c148b0d42ecbd', '6157c14b90d4bd353a34edc7', '6153144b6c389cb97e3169c3']
list_284.csv: 3,['616d9ef881036dfbfd63d2f4', '62c4da8a7f7d6a88e472de9d', '5bb7d8139b5f7e0001d43a6c']
list_285.csv: 3,['5deeab2d89492954efea24d9', '60ffae39406f5e4035c8dea0', '61632b52ab37a7fde834300f']
list_286.csv: 3,['5e72ca5b264abb21732427cf', '5e5ca080bb37ff47b09dd4cc', '5fd6f37a0ffc7b67ce2a73a3']
list_287.csv: 3,['5e0ee83753b56e60bf046490', '627809c52874925390a423a6', '62787d0610bbc103bd2ad646']
list_288.csv: 3,['5c5d0c72d697e70001079ca0', '5c66fe1504876400010255ab', '5d2be08d51dbc80015b35ea4']
list_289.csv: 3,['61080153238a27e924435b9e', '5916bba1c40353000150c46c', '5f57620f2095071eaf7a8224']
list_290.csv: 3,['61bb370140db417c1a138984', '60e6759510050273bf3cd503', '5e8f945fe502b12914ae7600']
list_291.csv: 3,['60e63a06acbec5f0fc85e71a', '5997b3f8d0bcd10001dd902a', '5deebb555c4435044e648c7f']
list_292.csv: 3,['5e8b89d0afcb1606e761ef7f', '6099b0edd748d8741d05ca26', '60ff07341fd59c14dbe3a03e']
list_293.csv: 3,['5a7cb079aa46dd00016b5bfb', '60ba67213baebdfda8a31948', '60fcf7c3bfcd12ee4502db51']
list_294.csv: 3,['62aa9836a9aa7c1158a292db', '616c5f739f0d38f57216d84b', '5f1d0a39104d425ff89ce91d']
list_295.csv: 3,['61fa92435719bc09cb8349e3', '611830fe665c7b68723910b3', '56e72067c89073000be77fdf']
list_296.csv: 3,['5d32254ab202db00014d5d31', '5cfff88a6775b90001e484f2', '616a6204b989f71da0a1a889']
list_297.csv: 3,['5d6141608a11df001a477fbe', '615ce4d0388d7ca055118747', '5e149c03864020aa6e1cf04d']
list_298.csv: 3,['5ee5e3b02eebe932ee9559c5', '628fb69f72e574bb9a8c1a47', '5dd365bdaf16d337333e212e']
list_299.csv: 3,['615ce4d0388d7ca055118747', '60fcf2340ff821062659ac32', '5fba8ed9c7bb9a72a8c0ed8c']
list_300.csv: 3,['60fd0613e19a77d574269c7a', '60f6132952a37df66a042ef4', '6170fd96a9bd6d37fecdff21']
list_301.csv: 3,['6165ce3baac26555deffc87a', '5fe0d610dd8cf1a331961cbe', '61115523798ab855288256be']
list_302.csv: 3,['62c34c176c6a4ea6a71fd01a', '6112b40c562bcc4b72d94f49', '5b79bd77c4e6ad0001d2f312']
list_303.csv: 3,['5ecb59dc07b7e26c9e3c115b', '6283dfc2f6449b4dea57a4e5', '61088dc29d639b015d4cd918']
list_304.csv: 3,['62acf9ee829033db9be5ef1b', '5ed841ca5833de34c634851d', '60204556a5fe01622758e71d']
list_305.csv: 3,['627892b9d1e41df8b9679538', '60fc4d9f8837029bec3e123a', '62b66baae6f816e592f14a8a']
list_306.csv: 3,['62a39ad98ce3882e11e54d8f', '5d6dabff70ef9500197827d4', '6157c19fb6a876658eba2229']
list_307.csv: 3,['5fa8b4123a3f0d7a4aab8ef3', '605b16a1158fca2b122c6e1b', '61078972d4d5feb1d8b8a651']
list_308.csv: 3,['58d9a79c33fef3000118abdf', '612f29b6d2722638f3ae60b2', '61007967d821b791e758c721']
list_309.csv: 3,['5e00fbbf5777b5cea2d27c6a', '62840ccca4e83b85b1c11a27', '5e7b6486b704ac034e3f01c8']
list_310.csv: 3,['6288131dea673aeeb3a1777c', '610842f58a24a351465246d7', '5f6f80c2da0d9851fdd4fc53']
list_311.csv: 3,['611205374ce8f4893648d9e8', '5f2afd90fcefd547f0ee556f', '6290cc55766fe588f88bacdd']
list_312.csv: 3,['5c060efc891bb4000121c377', '5bad4be8b712f30001b87947', '6290d46c21b280fe8d88155f']
list_313.csv: 3,['61274f7280514afb5aec1d72', '62c37638a93211ca8441aadb', '61109bb38f065f6238b6cc5c']
list_314.csv: 3,['5e56f656bf94b50b235ffc4e', '62b9c468e09e40d420e777d3', '5eed8bec94fa2f1be77c189a']
list_315.csv: 3,['59a88f5b321f870001d16d68', '6106f75cd90cc4f28f973353', '61436bd26638b05527a135cb']
list_316.csv: 3,['5c2ff645644d5300010c25f3', '60461ebcb6a36e04513f1ee9', '5e93825b69f077000b898a28']
list_317.csv: 3,['613461a8b9035cf9b29ad84d', '5e935de580280569a374fa97', '574beef75e549100063c2ad0']
list_318.csv: 3,['5cfb68f1921204001b8fdd45', '5ee555def5cb34299987ff04', '628510a698e9e63b21ef9139']
list_319.csv: 3,['5997b3f8d0bcd10001dd902a', '606f72e12213160224d9ff25', '59349d79f1b3f00001964d04']
list_320.csv: 3,['5c3fb71b36052e00016bb1a6', '5ce36fd645ff250001244987', '60fe4cecfe7d457373644c61']
list_321.csv: 3,['6035a9101015046a77be27b2', '5c5c3cd40716650001ed9e49', '623666be98139b323ce77f86']
list_322.csv: 3,['60fcca95e527e0844a4d87d6', '5c27de12a2b00a00018b2c16', '60fcf44ba1d6a5194feb0022']
list_323.csv: 3,['60ecd0063d54640c36b1d056', '582969ae97419700016bc974', '612d5aec388ae7382c6d9d59']
list_324.csv: 3,['5a876665ae9a0b0001a9fbe3', '5d6394518df2870001a74b42', '581fce42429ef50001ac4fc1']
list_325.csv: 3,['605259a8524571bd397edf0d', '610f1f49d66aeab3426717a4', '60ff37dea06f73a822437e00']
list_326.csv: 3,['62aa32991e80e0eb92e42a7b', '5bf625a63b6cdc00010fb7c6', '60321bd53ecd7d1e0edab63c']
list_327.csv: 3,['5cf16a90201b8000170c7b3f', '5c677c08b1b0080001bfbdc2', '5c5d0c72d697e70001079ca0']
list_328.csv: 3,['5fdfb6276a365785bd7cbc22', '62c354508875159e77075742', '5c797d0cb5254b001690625d']
list_329.csv: 3,['5588d00bfdf99b304dd47ceb', '58477607f1b9b3000192bb01', '6113d339b13e3262ae42cde4']
list_330.csv: 3,['61160189e88d439232bca89e', '5e96d0eefea475161115aba9', '5c3393d9f53f7a000119160f']
list_331.csv: 3,['62728bf08f2b0b8cda4cd624', '6296bf32a8a16529919c5790', '5fe3f539dd8cf10e7d545231']
list_332.csv: 3,['5d76d2f7daf4bf00164d585b', '5c797d0cb5254b001690625d', '5ee11eb5636ea94d3ad43e3b']
list_333.csv: 3,['60fce9c29b57db229b7387bf', '6236fe0ee063333a3e1ba72a', '6094a41f36a19091aa12d460']
list_334.csv: 3,['5d0fc2558cf933001663c77b', '5fc850ebe2e6de1dbb08b6cb', '5c671f12a26a8500014431e7']
list_335.csv: 3,['5ee100c8ac33db0e30697284', '6283bbad3d50889bf5901b4b', '62c39294f19b250c066aada1']
list_336.csv: 3,['60ffda33e6adc54e6cde621f', '59a88f5b321f870001d16d68', '629a6460a0232815dab01a01']
list_337.csv: 3,['617531b45568af8db14c3a1f', '5fe0d610dd8cf1a331961cbe', '5c3388fa01439b0001a0adfe']
list_338.csv: 4,['608cc945d87a9e15dcf958a5', '5f59238e202b4d13191b6852', '62029762ef1cb18a1337c0cd', '62e8588a31ea4241f4ffe82e']
list_339.csv: 3,['5e63912d08c2ef10e6a85688', '62ddd6123a54e3f55e66576d', '5fbcba5a9b4bfe18cd49abea']
list_340.csv: 3,['5ea624b32b24666209c18941', '5a388fdc0006450001bf2983', '59d3b5239e5232000164bbef']
list_341.csv: 3,['5fe218efbf7c82d3e44ada5d', '5fc8642c1ec5271e7ab51b8d', '5a93148c89de8200013eb792']
list_342.csv: 3,['5689e7a4d3d6a7000ba23ee2', '615defb34adf2f2e2e4bc539', '5c3027ef69d7820001063974']
list_343.csv: 3,['615d051e2366aeb051acb734', '616b5241d8eb9504f10a5cb2', '615e41558dc8efdab16afe00']
list_344.csv: 3,['62990a242d839cf93cdfc981', '60fcac2063bbc8bce2700ad5', '5ce9bfc4d439ae00015968dd']
list_345.csv: 3,['615dfbb483f8480303655714', '5ddecf14d3ac2affdc8df54c', '62963cadf88b1be103222fb9']
list_346.csv: 2,['6289f7ba725b22f93374725e', '62b571f219eff45ba29a1501', '5e11882114ae638303c715d9']
list_347.csv: 2,['628ed30ae7ff849e8bc91c86', '5f49f3262a3d07563d14a7f1', '6101930ddd5330f83b898c61']
list_348.csv: 2,['5f52347f0e44f308987ba44b', '62b09bc02efbcc7d0dd81f3b', '6100e23b1ba42429a9f41925']
list_349.csv: 2,['5a5bff49acc75b00017a6009', '5b975addbb32a6000182d3e2', '5490c822fdf99b71ba910e1a']
list_350.csv: 2,['5fa09bc185483e116583b159', '61158307f458b7195b6e34e7', '610066c7b9406a716a2bd9b1']
list_351.csv: 3,['60fd01d617c45119ab0bb9fd', '5ee561897247c02ad544c299', '562a56c39e2b900010006b2f']
list_352.csv: 2,['6019a7211839d5112bf03628', '6108564a9fa80b278d0f0042', '5ef5008530809913b434ecc0']
list_353.csv: 4,['57a761c22fc0d400012c9656', '5610c4ea7ffc8a0005811504', '60c961dd88bde0638e8ee828', '5e79448b2645050ebe52051c']
list_354.csv: 2,['5c07046396378a000119561f', '5eacb9950c7a9532645a3dca', '610010df15b0ad9b4f73736b']
list_355.csv: 2,['60811b4642883c028c8b2663', '6100f9d7ab939cf37d1bc912', '628be2a982b04281c95ddf81']
list_356.csv: 3,['5f596ab59eb6401c8bfbbe23', '60fd0bfecfd83894bcdb7b5e', '62b05ee8fea16b1d996f74ae']
list_357.csv: 3,['5d7551a5515c8b001bed10d7', '5f8486766d8e7b0f17df0206', '5e7aca7dc679490b709c855c']
list_358.csv: 3,['55c5d75efdf99b255411b190', '5b646a727c39ee00010a18b0', '6291941efee1ba0f967b44e3']
list_359.csv: 3,['5914b7b50a4b9d0001add64f', '60f4a86aeb626fcf89cbaf5a', '5c31e4f46558270001bd6c90']
list_360.csv: 3,['61074aa08d154e2dbb9ef3ab', '62e031bc72817d69b9ceadf6', '6286d51bae1adb481b60e3df']
list_361.csv: 3,['610947d2176949877593f1b9', '5e76ad3a1ff327225fdae448', '61063487c8e34fd2b55a1f16']
list_362.csv: 3,['5c92cda483617d0010bef1b8', '5e7d54301b20a23de6e1fb74', '5b25e250a7cee100011d91fc']
list_363.csv: 3,['60cbb3a438a8a5ef8d42ee21', '60fd05d893767fcb40666fc7', '5f4818e6d5ce1016c865ed24']
list_364.csv: 3,['5f3f5ad05ec7d1257993b196', '6100cf5591adb0c0a9aaec1b', '5e5bf32829348a3cb01ffaa1']
list_365.csv: 3,['6112a17dedbb2cd8557c942e', '5fb47b35d6da7d1a6ae54f08', '6120d602c1976a4114dcb110']
list_366.csv: 3,[]
list_367.csv: 3,['5eda9b3d82922d6b6d1a431c', '61080772735c46a8c18b1277', '62a1ed3d1357f3e033ae44f9']
list_368.csv: 3,['628f9792b0d89f574e123771', '5fc850ebe2e6de1dbb08b6cb', '60fe0193128d5101aada7200']
list_369.csv: 3,['603c69904835ea83ab3a7eb9', '5f517aee81a7783c2ff68960', '5fec956243c578e38ad84250']
list_370.csv: 3,['59d8ae913e5ea00001e1d05f', '5c29ca6e867f660001aed60f', '6292d1f090c17e291ae3741d']
list_371.csv: 3,['615a246b9484d07bb01d0724', '611183736a78c1e33c3ac725', '62e093edbe362122f211a0e2']
list_372.csv: 3,['610ed857b37278967cb96418', '62828045bb88107013fe7d54', '612e6310e2368675cda1aed5']
list_373.csv: 3,['60179276e6b0ba9f53339b8c', '62b9ab586ca02d70515800d4', '5c1587c84c29140001cdbd57']
list_374.csv: 3,['615b5d9b0b5942de8db28622', '61411975e7331decabf1db1c', '5c26b151c4b6e3000152c0b8']
list_375.csv: 3,['58d9a79c33fef3000118abdf', '5c69f9dd4b5bb30001b3d31c', '6172edcd801d608b50e9dda0']
list_376.csv: 3,['581ce98eea748e000117efb7', '5ebc6b6ea9c3850b8f54794f', '62b0985e7019ab81329bf57e']
list_377.csv: 3,['62c331eb63e265c0c3adcf9d', '61021fd0bc37614271ea1081', '5c677c08b1b0080001bfbdc2']
list_378.csv: 3,['6287a556f1a484dba41afb73', '5f4b01e7e534bc10f5b6388d', '5d467b03da637a00154b9507']
list_379.csv: 3,['627db370405a128bba3b38c3', '5f27787109aca24c18d1f6e8', '54e5d11bfdf99b36b8df573a']
list_380.csv: 3,['5c1a7f152a85450001a876e0', '5b1505b69663ee0001463400', '54af2a48fdf99b09c01b3801']
list_381.csv: 3,['5e00fbbf5777b5cea2d27c6a', '60fe4ee92d2a050caa391eb8', '627892b9d1e41df8b9679538']
list_382.csv: 3,['5ddff33bb28cf706c57b4c88', '5b1dfad43522660001b4510d', '62e057323b4ee04dd8f508f6']
list_383.csv: 3,['610b002738dd01f26e493999', '62b656851e00877b21dffc59', '62a823cd896cad350052d2f4']
list_384.csv: 3,['60fef1fb6485e6bd5c73e0ab', '62c33f042cc568ef91c4fb8f', '5dccd6801d8f6b967f498d71']
list_385.csv: 3,['61080772735c46a8c18b1277', '5c29b88810677f0001dc2c56', '61220e0d654ac5a7f3f1d54f']
list_386.csv: 3,['5d3cbeefbaf11000011eda09', '60db3eeb564183360082d3a7', '6111670a4fc02679aa57d6b0']
list_387.csv: 3,['61075a17fd0e2dbb52387d9e', '612ee4c5848318d0c3a3f172', '600b3c619b60d80b64f9de39']
list_388.csv: 3,['56f2a06ced0cf6000b9109fd', '610ef7d91aa3bf2e96e1f1eb', '615382445e5f3c85062b9218']
list_389.csv: 3,['628a6148d20508c879c616fe', '5dd3535f41afe835d31b6610', '60204556a5fe01622758e71d']
list_390.csv: 3,['6295423b3066f594bd9611e2', '60f942bbd779c8d0f7cc3a99', '5c2c62542c45d400014a32e6']
list_391.csv: 5,['62b21803ca7c9a473090b0a8', '61141d3d7650f03b7db1d157', '6115d11e18dfb8093e84cb1f', '6100ac178a474bfcc555379b', '6171a7253f053b06b29642f2']
list_392.csv: 3,['5b0b8252e9270900013ba88f', '6113fe6d1cc046cadf670b2f', '610d18cc7bc56684fd024a62']
list_393.csv: 3,['5e437d7404eaba215eafbd2a', '5fd0428072eedf0aad62ca5a', '5c2de0a289f035000175f435']
list_394.csv: 3,['62b0d928b1eb191d733f9ebd', '5caf93416ef0d1001c761380', '609b6c918ad180505fefd919']
list_395.csv: 3,['5dd3bfcd8b8df139ce007928', '61133aac17eca301e15a9933', '5dd74005794e106ec44df770']
list_396.csv: 3,['5e6550ab777c592d731cc94b', '62b571f219eff45ba29a1501', '5b1f185488ee7400012b4b5c']
list_397.csv: 3,['5f7a43fe18c1f614b4529aa9', '5f6f28ca6df91347f156ad9a', '6094a41f36a19091aa12d460']
list_398.csv: 3,['6117efedb574017076d5b499', '5f963718a844b719781e9e85', '5dd3e5b66d52253c0e37e402']
list_399.csv: 3,['5e3f778e91be661ca60e3540', '62b44aa4e70c236ee738d744', '60ffef81dfdb4a31c8b546cc']
list_400.csv: 3,['6283cc51ce852a41ccb0c472', '5f14c5199ea4682fd6f2013d', '61094c7cb8c79b6a734c2d0c']
list_401.csv: 3,['5f46dbd3b7e5b30b4076e893', '60fd60e7587e4f2e860338b4', '60439d78a013a237855f2ac8']
list_402.csv: 3,['60a2fae17fe95f27ca52e424', '5e00fbbf5777b5cea2d27c6a', '628e0a156fc4ba41501598d1']
list_403.csv: 3,['5bdc96a7ba6cc10001854ac8', '5c8f924dbd496e0012a84583', '5c51d7f198b0ff000110dba8']
list_404.csv: 3,['5f338121e1ca2a19a97cd433', '628f9dae881b93065eb49223', '6283efc6560ca5762882edc0']
list_405.csv: 3,['5e2fcde332f5805772d2d025', '5d901b10d7a21a001d635d12', '5ef372d44263310c1eaca112']
list_406.csv: 3,['623a6715ecfb21a2ecb8dfe6', '59c25b315364260001dc4b45', '5d3a3fb79f1307000130bc0d']
list_407.csv: 3,['610380cce765f934241d42a5', '6102c2bafd71006cf4fcbd67', '60fcfacd7936eca052528a6f']
list_408.csv: 3,['5f1f0be816ec420a1e18e3dc', '5c70c956f11dda0001ff50ab', '6116aa8875bdab57cab52804']
list_409.csv: 3,['5a2111b5bf56cc000176feb5', '61084ec63919365662b9cc02', '5f77b243c99f31316e4cae58']
list_410.csv: 3,['5dc1eb838a84461511b3cd73', '5e97af0bca82b6278c859323', '5d51ffd641a6aa0019ca73df']
list_411.csv: 3,['627892b9d1e41df8b9679538', '5de876142238367fa02c7e74', '615c777509f34c8977bc45a7']
list_412.csv: 3,['60255901704fd208ecdcf32b', '6101ceb34a3a20c05e35511d', '60ddc7abdf6661b9c294691f']
list_413.csv: 3,['57210674951c9b0011d3eaaa', '56e60e39f7957b000b18e37b', '629e633c82ed7bd84fce0f9a']
list_414.csv: 3,['62adc4f5fb6abc773729c033', '5ec67c1f9d0f0906b783865f', '5eedc2107da4d21f6cbf58b7']
list_415.csv: 3,['6050e3a1d25f7483a5a04eba', '5eeaff28cf5da71d691ef212', '628ff919d843cc2a752e489a']
list_416.csv: 3,['6297d4ad03a1830f21d22cb1', '5c05a2769af2bc00012b6a65', '5e76ad3a1ff327225fdae448']
list_417.csv: 3,['616d81e26283ff70c7229a96', '611ae552f2b586def2c4d9c9', '5c5676fd9fcbc40001dc603b']
list_418.csv: 3,['6112a17dedbb2cd8557c942e', '55c5d75efdf99b255411b190', '5a6032228e625900017657f4']
list_419.csv: 3,['60c2dde65a63ca7ad434f658', '5e6fd38fe95be7071b5196bf', '5e3625061662ea5dcd6d83fd']
list_420.csv: 3,['5f1fec6a43c2810190bb090c', '60ff632a01371d68a406f893', '6114488c9881b84dd7788ffe']
list_421.csv: 3,['5bfd40608427ad000169962c', '6109a27b00ec08c27990eb67', '6102edb7480aba6bc0ae330e']
list_422.csv: 3,['5f4f12010c816616c12ab29d', '5ebac062ff4d19030797b91f', '55b6ed4afdf99b437183fa6f']
list_423.csv: 3,['628e24c80b3e2b2e0d7a5af1', '602f28d4fb5e68be139e29f9', '5f36be3e4f48410cbdc87ca9']
list_424.csv: 3,['5e581dfc64a1e402645e74f6', '617531b45568af8db14c3a1f', '5e0e434dc0b81f59c01162b8']
list_425.csv: 3,['612c020b14f2ec3ef0f57662', '6108781e0d1dd936d2b75432', '610f08f3d1314c14931e2829']
list_426.csv: 3,['5e55c629171aa20a11be18ea', '5e8bbb3680cbf20986c677e1', '6062aaaac8c0cf29c2c50283']
list_427.csv: 3,['5f0a5a99dbbf721316f118e2', '55fb068b77f33b0005cb1efc', '60bec98ec93bac9b5a1d1786']
list_428.csv: 3,['5641ce9017bdbe000b2a0a3b', '61672728d4ad3f70cc6a0199', '6152204d4ed6a7af13e48efe']
list_429.csv: 3,['614bbf1e7de43dee7386fe3f', '5ec885ed5583f336538f0a23', '62cc6777c9f168a42d5f3d59']
list_430.csv: 4,['5e2b0f49e0c1bf14ffba5b1b', '5f9dec8897b3c2386c0bd057', '617449e8a9585e8160e18e3f', '60fd896f1064109b15a2d989']
list_431.csv: 3,['5c29b88810677f0001dc2c56', '60e7fbc3b1136e94798918be', '5d7551a5515c8b001bed10d7']
list_432.csv: 3,['60fd7354eaaff1e037e589cb', '62a823cd896cad350052d2f4', '62c4da8a7f7d6a88e472de9d']
list_433.csv: 3,['59874dcc6ab9880001b5ade8', '6168650925d6f445883ccdd6', '60f39f2524cf43370a8ad1e9']
list_434.csv: 3,['5efbd29efa42a718ebf2dcc6', '607cf097a3821b079390ebb5', '62c41fb0163b94a97be39936']
list_435.csv: 3,['6282571cf39cd89341a474e9', '61bb39b340db417c1a138ed1', '610825130bf4669d1b167efe']
list_436.csv: 3,['6100f78bc7c523fdf49986db', '5f1b84872171f838a8a3cfa9', '602451f15e338c12534710d0']
list_437.csv: 3,['612a90d96190d24a55b520cf', '54f8b0cdfdf99b5396a7d0a2', '6228f5900f303f54ca6ab186']
list_438.csv: 3,['60f989f2b726f86c3d24e13e', '6266c5337de85170de6b99e6', '61079a83c6af47f112977a97']
list_439.csv: 3,['6060930044f4e89dcc79f5b6', '560379c9e372c00011bd4a90', '5f545afbed4a121922c76f8d']
list_440.csv: 3,['5dd86784dcec8782b85cb5bb', '620bde00a922fc3f247f6d88', '5dd3d566e05cad3b130de19a']
list_441.csv: 3,['55bb74f1fdf99b1519ef4762', '5e84ecf6ecf1c00c1b3a1e10', '5b4d39f2d4c93b00019c8217']
list_442.csv: 3,['6100943a3afefd2133a6f0f7', '6082d12b7ddca18fbb5d1eb7', '5e3625061662ea5dcd6d83fd']
list_443.csv: 3,['5dcf143582a5270687e15ec5', '616326a20970334859e5230d', '5c7307403065320001bdf00f']
list_444.csv: 3,['62ad17e032a85a4ca119b289', '60fe0193128d5101aada7200', '5c5c70947676860001fff825']
list_445.csv: 3,['611173900721df318b8151c7', '5ec4a0fffe991f37f61b356e', '5ea1ee658a9acd0eff894ae2']
list_446.csv: 3,['611edfe04f9fc63d5fe3084b', '5f2a12f5837dd81e5881b7cc', '62d61912c1eab298bdc2c642']
list_447.csv: 3,['5f119c5ad521140253f60e86', '60e68d7dc0d998d1c7842a65', '60ddc7abdf6661b9c294691f']
list_448.csv: 3,['5ee78887eb6e6d00098357fa', '5e00fbbf5777b5cea2d27c6a', '628e3cfc436abd62900e30b9']
list_449.csv: 3,['5a1f7dcf0fff620001a6e50f', '629aaa38fdfc8168501b930e', '62b36713e7f1222fd112f23e']
list_450.csv: 3,['5bbc0004ac45e6000131d380', '5ed8cf4782a6eb04ddf9962d', '62de402472936426ad234fb2']
list_451.csv: 3,['6286c4c0df22b592d4ae632a', '5d9a90db9fcbb7032d1bbe62', '60ebe5aeb6137d5f2b9f436f']
list_452.csv: 3,['58ba380f4cdfd90001778021', '6060930044f4e89dcc79f5b6', '5f09f32e3713fd0a744dd172']
list_453.csv: 3,['5fa4f94e535f3b1aa628e0ab', '61004c113eeebb647c92a0c6', '5588ee6ffdf99b304dd48297']
list_454.csv: 3,['5ed59cc9cd38db128b0aaed4', '57a08ec3dcff7d0001c7ce99', '610aa486ce7033a06186696b']
list_455.csv: 3,['610208007f82890d0521785d', '5fc7c9626029c8075a64a14b', '628494ff07588fd08c37117b']
list_456.csv: 3,['614138f0dcf847646058fc55', '628ba0b30846314b2e4a923c', '60fcd0211918af2f6707ea9d']
list_457.csv: 3,['61088dc29d639b015d4cd918', '606f72e12213160224d9ff25', '5dbf75c626c04c401a4fbf25']
list_458.csv: 3,['60fd4c8c2a0edfae3f73c044', '5fd0ab664eb18414d1fa6da0', '5dfaa06b5005cc807174ba46']
list_459.csv: 3,['5d705eacce4b8f00012cb9a0', '606f72e12213160224d9ff25', '60fcfd5fe952c6ff0d1b3088']
list_460.csv: 3,['629feb5b41542f049572e04c', '560379c9e372c00011bd4a90', '5f3ea301ce0b340fbb67f607']
list_461.csv: 3,['60b69129f584ee4e38acf2a0', '55b532b5fdf99b2b69c824f8', '62aa9836a9aa7c1158a292db']
list_462.csv: 3,['577f70d1454e5400015f1845', '604305637d695b28f724d9dc', '60fcd4e078d9550332a7836d']
list_463.csv: 3,['629288376055ad7fb05bbf77', '60fef175e79352ad3e969ad0', '5f535e68a80f5b650ed852e4']
list_464.csv: 3,['6015d4900be39370f926ec22', '61188057fe5a395476806c12', '5ee8200262b1cc12348550e3']
list_465.csv: 3,['6166fb922680a8a528e096d7', '6157c19fb6a876658eba2229', '5e6550ab777c592d731cc94b']
list_466.csv: 3,['614f64f2645e6cdc8bdfae8e', '62b9cac7b0db166f4436f9eb', '5f07b62e0e3ac43ea9d490c6']
list_467.csv: 3,['5e4a0a67110b3747ea173d60', '614fb0e5a57edac09cfeaf1f', '5fde840829db956469ee680f']
list_468.csv: 3,['5aea958315a9c300011ac7cb', '610752c7cd7d0eb3eeed9a50', '5c27de12a2b00a00018b2c16']
list_469.csv: 3,['62965122a53c887ef6e20631', '60ff14f2cd91aebbbff2c18b', '5e3dec90ce522506a9045e17']
list_470.csv: 3,['61294c91f047a6834535bcce', '5fd9ad6dab00c64c8a45c9fc', '60fdb388a219738ba02b3916']
list_471.csv: 3,['59dc458f77860e000151240e', '60811b4642883c028c8b2663', '5a127fc7c259f30001766641']
list_472.csv: 3,['60fd2420cbff997d056d4261', '62cf0de66307f9c41cd6e663', '6100970c7e9012cc0cfaa7f9']
list_473.csv: 3,['5fbc2c78c568aa0c84232ce2', '5d9f8122428ba50017ca3fc8', '60fcf89cc74d5d092ff66a0f']
list_474.csv: 4,['5ae1e9328ee5bf00018c8332', '5e850b40c66acc0f4b1418a4', '60f76003b80ed2391faccd28', '60fd070f70f438c044ec9455']
list_475.csv: 3,['5ff792bdc0091e494e352e9b', '5f172561f5899204f917ece1', '60fe28ee2bd685120c459dee']
list_476.csv: 3,['5dbacecee2fafc0e38007428', '5e742af79064483aedad296c', '60e5a074e98d1be9227cc106']
list_477.csv: 3,['57ce74a271536c00015f12ed', '5deb3ffdf375c625fa83bac7', '615efd1df11a7d21f0f12f68']
list_478.csv: 3,['5ddeb0232e4a05e10f448a80', '5fec281aeae543d80d09fbc0', '5c47cab451c26300012cdd41']
list_479.csv: 3,['5fb09b688656284a4814bc07', '5e01451c6e8aabd0d17df3a9', '62e07711998ecbf5e81c85ca']
list_480.csv: 3,['5c27de12a2b00a00018b2c16', '60b296b907e5c81c0ea774fb', '5f34511f59accc19bb769258']
list_481.csv: 3,['5a6032228e625900017657f4', '59a88f5b321f870001d16d68', '628fb69f72e574bb9a8c1a47']
list_482.csv: 3,['5484949efdf99b0379939cc6', '560379c9e372c00011bd4a90', '61191497ca1489c3f69320ce']
list_483.csv: 3,['60c2cc653d0c6208fc8899fc', '6287d44330569c2dbf16a676', '62d97751257369a645c8bf14']
list_484.csv: 3,['5d24af96ab245f00181e2856', '60c739d1b402ae0d42b37c66', '5727aecae386b9000f4000cd']
list_485.csv: 3,['60482cefb198f41385293a2d', '62bb39eb0c243ff896cd20ec', '6086f32713011a558998c7aa']
list_486.csv: 3,['6108cf43ced91eae8decfb72', '6106cf15bce57bc1fd1502db', '6153144b6c389cb97e3169c3']
list_487.csv: 3,['6163b1de42ca011e8f413ca9', '5c3027ef69d7820001063974', '5c50ccae2423780001085cb9']
list_488.csv: 3,['5da25f04c8c2de00139ed46b', '5dd3488e181abc35d131ef34', '5b33034d975e260001e981c9']
list_489.csv: 3,['5f888a84d0200d03067e17ed', '5d197e4189c21000189ce752', '6100dd0240e57d5cb3908402']
list_490.csv: 3,['5ff39ec71d6cb49c6c906727', '62d1cc67e1a180037cd602f7', '62e312aee45289e0d840f825']
list_491.csv: 3,['5c8974ef34daa70015e92daf', '6110a3b40a78b1ac0d964366', '5ed5afc6e8229914710ada06']
list_492.csv: 3,['5fa4f94e535f3b1aa628e0ab', '6091b418d1cddb4526a44543', '5f0151a9e5751c2a5313c45e']
list_493.csv: 3,['6295795e3888a571716632b3', '6275757da6d861932cb9beb4', '6295639c2d491be04678442b']
list_494.csv: 3,['614f7ad0514948b4efe25e13', '5765c0fcf2e23200017ded5e', '5ed8cf4782a6eb04ddf9962d']
list_495.csv: 3,['614deec82f82c126feeddf3d', '5a4afdd835c9d50001fdd1c0', '5e6c3de915f3292088011a83']
list_496.csv: 3,['6018a5c0e1600b187ccb8693', '5be8d4af25507300010dd4e4', '5d6513f46f5284000118ef1d']
list_497.csv: 3,['5d1a1b598eabd8000134603e', '6153144b6c389cb97e3169c3', '5b5c8d4e10aec90001ed4bee']
list_498.csv: 3,['60a69e84d2f871b61d608e89', '6117efedb574017076d5b499', '5e8bbb3680cbf20986c677e1']
list_499.csv: 3,['61008472633e2754ec632249', '60ff571f07381bffe64d5996', '61022a84042923c389bf1499']
list_500.csv: 3,['5f5ae0be76a9511f219212a9', '5da6139c002c29001335b5a2', '5d849ee0a954540019f513dd']
list_501.csv: 3,['5ed03a18c725ac1018153f89', '55ac22cafdf99b6de2fa7ee2', '5e90c936bf2af03ed70a2ca7']
list_502.csv: 3,['62a8043b4d175a07e5250a72', '5f557b11e44ff19554e13eaf', '5ea3a20ac30a773368592f9e']
list_503.csv: 3,['5ff39ec71d6cb49c6c906727', '6121e7de85dab003bb521f89', '609df7d1a31b6b2b3ec88874']
list_504.csv: 3,['5e8e8de7938297142d26f43f', '60fd0f90835061fda42204e8', '5635d988dc62e5000bcb3eb2']
list_505.csv: 3,['614ea7157012d9aedd361732', '62a0f1e07a081dc9a79c018f', '6290378f1e03c1e6bc290df7']
list_506.csv: 3,['62a37a1bcf75a1251e77d685', '6294e10a4c08ea03e58e177c', '62c4dbae8fb1ff9cd93a3150']
list_507.csv: 3,['628270e095732de2fb39cc2a', '60fefd6de6b470fd133b7d5d', '5ed494f67d597433ade49e45']
list_508.csv: 3,['62698063a6912c0277b32f57', '6109e5a0f7755d8fcba8b50c', '60fca1e497655beee516dc72']
list_509.csv: 3,['5f834d12f458f84b9b0565ae', '6112c77c4cb58daede378463', '6283cc51ce852a41ccb0c472']
list_510.csv: 3,['5dde8fba82f458000c8c7c75', '5d83c1e911cb3a0001570ea4', '5f36be3e4f48410cbdc87ca9']
list_511.csv: 3,['60fde2daa292862be1c9a7a4', '5f3cdb4c3bb11cb825373e90', '62d21564841b1b1402caefc4']
list_512.csv: 3,['5c30b2a910677f0001dda4c8', '60bd186e1d5e1d11f128f538', '60e8a63f733f423be3da1846']
list_513.csv: 3,['6291861f8937c6bd60637cf8', '5aeafd36c8a6fd0001d8422c', '612ce742edb88d21e238bfed']
list_514.csv: 3,['57dd7528a0e8ce00015445fd', '5e50bf5e2cfcc30ff7f5d870', '60ff2a9fbe1d2b063ed7ef09']
list_515.csv: 3,['6297ec4dbdefde1a517c92d5', '61088f102428b60cde829d29', '57313ba2070de6000f43384e']
list_516.csv: 3,['5e4e844553bc702cdf68404d', '61501906650cf6b1acd23c63', '5e4dcbc670e1ed22cce556b9']
list_517.csv: 3,['5c3277502c45d400014b6e98', '5ee00907ed486334f7063e3a', '5f4818e6d5ce1016c865ed24']
list_518.csv: 3,['60fa42db2bdc872a30d958de', '56e60e39f7957b000b18e37b', '5bc32eb1518d030001358396']
list_519.csv: 3,['628e0d83c09e5a879c35c648', '610aba9d57e9ccd056ae5d01', '5d705eacce4b8f00012cb9a0']
list_520.csv: 3,['6113247d12d2ee305f114a0e', '60da85dbae74ca4d3619b17c', '5f394ce53b053607008f4b74']
list_521.csv: 3,['5a78e410ae9a0b0001a97274', '6112a17dedbb2cd8557c942e', '60e6759510050273bf3cd503']
list_522.csv: 3,['62787d0610bbc103bd2ad646', '629123291e21f234a2c06705', '62865b07ba10cebbcec196a6']
list_523.csv: 3,['629142725e35ec97b2724c2f', '611b09935cd6e67f2b5e9ea2', '62c4ef6f3dbb01a690792f62']
list_524.csv: 3,['611997bd63dd5b68e9048179', '5efeb879e49b653d3dbf6670', '5edb6d2469290d00092100f8']
list_525.csv: 3,['629ead3c5e29d7f23db979d0', '61bb396e40db417c1a138e49', '614eacca1ae6e91a34e9658c']
list_526.csv: 3,['5f484e6f4ad3d6317b557b62', '5997b3f8d0bcd10001dd902a', '5da1faa05fc25100172a5562']
list_527.csv: 3,['60402fec7ef10821fb6ac967', '62b5e1d73e3c296905ba2738', '60fefe3dad1a06e0b0a85712']
list_528.csv: 3,['5aea9bcf5822e100014abc54', '60a30f9cd72ab8c6198d1bf6', '5ff3b5986d65c5a24eebd036']
list_529.csv: 3,['5c50ccae2423780001085cb9', '56e60e39f7957b000b18e37b', '60fcdfac81bec43078236e55']
list_530.csv: 3,['5ecf4b18f7b0443609e07646', '5e1508eb18e869b078576e94', '62df08eda6b90956f6c9a399']
list_531.csv: 3,['61085dc0527c4443870b29f4', '610766e71689bd615aae211b', '62b08bd936138c62a74f0bb8']
list_532.csv: 3,['5ff4bfa413597c73d50aa70d', '5c7ca78cc872f300014708c9', '60d53f65d1f77cc84247be14']
list_533.csv: 3,['60de50896b0ce86b84a2ee24', '5d1804fa1a4be70001636be9', '612c5e81151ee48620a1957c']
list_534.csv: 3,['5be118da2d79fc00012fadd5', '5dd8da70fef7c2880a12500d', '5c1587c84c29140001cdbd57']
list_535.csv: 3,['5d2d0fb9f4b87b0001f0acff', '5fb3f80763d19702ca264843', '610cb5c418f84a72ea81a550']
list_536.csv: 3,['60c2a30e24e7f2ce0c8b56ca', '5f4942b5a38e6b1185958622', '60fdceaba9bdce759c03a619']
list_537.csv: 4,['627a7480bea2032248f9c25f', '5d118de2c80b57001721f93e', '5df8c666ee305b000de202ad', '60ddc7abdf6661b9c294691f']
list_538.csv: 3,['5fa4f94e535f3b1aa628e0ab', '628f9ef985fa6d3dc816672c', '612b1caa2df749badddc6f7a']
list_539.csv: 3,['6117efedb574017076d5b499', '5a1f7dcf0fff620001a6e50f', '628682de4bd770520715a2f9']
list_540.csv: 3,['5cbe00898f939c0017c0b9d8', '623a3d1b72cde1824ccbc6d1', '603558a543425a0e08212600']
list_541.csv: 3,['5f2fc0f05b67073c177aaece', '5f878ac24e7e5f1ba4237c09', '62732f7ea28589a21f63b1ee']
list_542.csv: 3,['60be82caa8f33e3db829591b', '611f18c8da4156d7a97fa019', '62e02537aeee3cf7f450869e']
list_543.csv: 3,['5f4a72e2c3368e4e4eccd39a', '5d506e6d4040a40016bb186a', '61351c3a1e3e96156bc86116']
list_544.csv: 3,['62b0b6c050a175081568bf35', '5f6587e7fb48d8109d6dc16f', '5ddc07391e42a9000b2622be']
list_545.csv: 3,['5ecbd383243b3438410dae19', '5e72ca5b264abb21732427cf', '5fc850ebe2e6de1dbb08b6cb']
list_546.csv: 4,['5f86c71cc9ccdd0159e0668d', '60e7739644eb45bfddedf039', '613679cca8cd0131b8a2a5d1', '5ca564e5fb77e2001662a5fd']
list_547.csv: 3,['5fee6bfd99e7cf16b867b447', '5c024be169406e00014e0b8e', '5f484e6f4ad3d6317b557b62']
list_548.csv: 3,['61047416075065f251e18d8c', '5e11882114ae638303c715d9', '62a2adb16716c2e0c8d3c07a']
list_549.csv: 3,['60014001c0f11429b77d34e0', '62349095f627c2833806e550', '60fdd9495c9fb407743c9a21']
list_550.csv: 3,['6111535477f8632ee162925b', '5c28a7d31c8e4c0001b2e0a4', '5ecb5967119a5e6ca3fee3be']
list_551.csv: 3,['610101c23fb8eb48b0fe1d1c', '5e437d7404eaba215eafbd2a', '5fadd628cd4e9e1c42dab969']
list_552.csv: 3,['60f82652e4a51f6c25722d1e', '6062aaaac8c0cf29c2c50283', '611cacf964b9679ee0f63215']
list_553.csv: 3,['5a84f454ae9a0b0001a9e4e5', '5d62886927a84f00010fbbb4', '60c453bcaa4c869173561045']
list_554.csv: 3,['60b713c5f76777e302824caf', '5dd8da70fef7c2880a12500d', '60df7dd7029cff41ea8eed9b']
list_555.csv: 3,['60e797b64fca2922f9cd51af', '5e4cc66249c536107f36c342', '607fe1df924739a885d805fb']
list_556.csv: 3,['5e968c1e95b8161112136269', '60e49d8302404edb1e133168', '5dd06a074ad3e2149c884661']
list_557.csv: 3,['5e2fcde332f5805772d2d025', '61549a2caa92d84f392000e9', '5cbe00898f939c0017c0b9d8']
list_558.csv: 3,['5d8d12f6d88e3a00142c9751', '62d63f972993d71895856933', '5fd8ca40697e370870a312e8']
list_559.csv: 3,['5aedfba176b763000132f7fe', '61077f9b3220b4f70e120b6e', '6110b51bf43f377f957c80df']
list_560.csv: 3,['5c971acab18d000001e1afd7', '62b09bc02efbcc7d0dd81f3b', '62aa4399fa1aadf5ab91fff8']
list_561.csv: 3,['60fd12ff3ff054c209b341cc', '559744acfdf99b590e1e9299', '6062aaaac8c0cf29c2c50283']
list_562.csv: 3,['5e645054fd0e5b1e0d5f4e52', '6170fd96a9bd6d37fecdff21', '60edd81b455433dae20025fd']
list_563.csv: 4,['628f77c4d003ee884a5573fd', '60188f3569096715fe3dad4d', '629e61b75f541e7dfa66b1d6', '5f8e2a9201810e1f2b9f63a2']
list_564.csv: 3,['5c634094e30ff200016baccb', '627b3ff37300aa333ec08823', '60b1742bce2b39e0f1d19a1a']
list_565.csv: 3,['6109a77382a46b2eaa24f2ee', '62ad7149d225907e0acdadf4', '62ba71b16af9515d59596df9']
list_566.csv: 3,['6110cd07c954d852d9599790', '5efe29d315ba872fa20a9c3d', '5da253ba8de54100187fa925']
list_567.csv: 3,['5dd37eee7cc973377c5b7ebf', '628f9ef985fa6d3dc816672c', '60da65c630ff4389c297b03c']
list_568.csv: 3,['610e0a1e95c323743ff02dcb', '62b060e7ab53ddb4dc2b7eca', '603039c84bcf02e81ae8a052']
list_569.csv: 3,['62910c6245f2e3ff9c949416', '5d634b27e5f92f0017196a3f', '5c364851688b59000101ea68']
list_570.csv: 3,['6151e68ec5f6f5f9039ebace', '5c8f7b09bf87ea0001bade6a', '60e9cbd27102b08fc616fbe6']
list_571.csv: 3,['60da4934183222ca33406fe5', '5e6550ab777c592d731cc94b', '60f989f2b726f86c3d24e13e']
list_572.csv: 3,['5df967d2f6191f6e87b236e6', '60fdb70d3b7acfd209bc3c51', '5b7f12c28e39df00016ad638']
list_573.csv: 3,['62b351e5ffccd9a25a047464', '55132578fdf99b1b0568bdb8', '62df4bb678124fc1e5c50e91']
list_574.csv: 3,['5d793a152df8ed001645ed7f', '5f3de3785460c8219dd78fc4', '6109881cd58ec9d648e19df0']
list_575.csv: 3,['55914b15fdf99b1e5e44e714', '61097b59960c5ce3f88953d3', '5e5ca080bb37ff47b09dd4cc']
list_576.csv: 3,['5ec1e14dcf12be62c5473dad', '62bd685ac3edc9ad0d77812b', '627892b9d1e41df8b9679538']
list_577.csv: 3,['6298c21cdd70abe845bd986a', '5b6515e83662a8000158b2aa', '628ecaf78869ed2022d7690f']
list_578.csv: 3,['5abfe867a3ba7a0001b47449', '614f345438466e99f20c3514', '629e4b0c511e7dd22ba4bf4d']
list_579.csv: 3,['5b7b1eb9338a93000154faab', '62d85abed427caa15e2d6093', '62c41fe598ab94de4d4f021e']
list_580.csv: 3,['62b0ff2b6fe5bd50effb0dcc', '5c8ec999bb6a3c00014acf5f', '60fcf9a9796e919f794ae642']
list_581.csv: 3,['5eac8b777b60c8129709fc10', '6109c99f5f6034820cef3ecb', '5fb96b9798cd084465b0bf36']
list_582.csv: 3,['614a125a754b4a9660643d88', '61059675ea62e9dced0a560c', '5700616b8a49c7000d0c73ad']
list_583.csv: 3,['6111d9b2a1cae8c593eb0c52', '62e483d2bac14c571b28d87d', '5f643b56fce4571cbb1fb824']
list_584.csv: 3,['62c3c3bc651a7eef38f9e73b', '6111517c063f95e66e5b99a8', '6107aa6f38f7447e97ac02b9']
list_585.csv: 3,['5f17553ce0feb10c3dd2b16a', '620bde00a922fc3f247f6d88', '5a67501335f26b0001496547']
list_586.csv: 3,['560379c9e372c00011bd4a90', '61094c7cb8c79b6a734c2d0c', '5e45a7e926e79c000bc12a85']
list_587.csv: 3,['5a4444fc56ec1100014a29e1', '614e2791b9cd4f7631f6b991', '6273eaacc801fbb1bb8c9415']
list_588.csv: 3,['5f4c2538e955e012cd8daa1e', '60d8c3f7b29ef0af10d9203b', '5aea962d0ef2f20001858c9c']
list_589.csv: 3,['5f0f4a271bffca0d0915adaa', '60526cff1651517239360f77', '62c48ef9adc3218bf574f5c6']
list_590.csv: 3,['62799c65d20a6003b6a0494c', '5ce5bd8d9b866c00154a35d3', '61549a2caa92d84f392000e9']
list_591.csv: 3,['5e8cf14c0bec230b335e060d', '628ed30ae7ff849e8bc91c86', '59ff81fd5d06850001afeeab']
list_592.csv: 3,['59757b95395bf80001bf9daa', '5822607712388b0001e127df', '5f6f738fef894f0dbf9839f8']
list_593.csv: 3,['60ff22120e009909e207ae02', '5ffdfa8b90ccb7435591199e', '5adf732f5f327e0001fb8481']
list_594.csv: 3,[]
list_595.csv: 3,['5e544727059e3744ccdd4c3b', '5c64189eede39b0001c39e61', '5f616d5523e52610f1ac1a16']
list_596.csv: 3,['5ec3884fa0c1ef0009b57549', '62b5dd0fb9686d325c7d1f15', '60fd12b459a8dcda3d177cdd']
list_597.csv: 3,['628e5f283594e1a48a04886f', '5a78dbb9ae9a0b0001a97212', '577f70d1454e5400015f1845']
list_598.csv: 3,['5eadb7d9d16b5346df18f6bd', '62728bf08f2b0b8cda4cd624', '62e0237825713832462d55ad']
list_599.csv: 3,['5cf16a90201b8000170c7b3f', '609f295a409787837ed6c511', '5da5bc982f03c000162a851b']
list_600.csv: 3,['6109d15f510e56947f3f1bae', '5962ceff8474920001bd266e', '607fe1df924739a885d805fb']
list_601.csv: 3,['5cba91f716ab74001672d747', '600f5d6edd4af3146b7fc431', '620bdd8ca922fc3f247f6c82']
list_602.csv: 3,['616cda4e2f5f884cdd46b2eb', '5e3faa732596b01f5507c7bc', '611969eec0ae54a87baac2db']
list_603.csv: 3,['580d5d1f357e890001dd14ce', '62ad13f1e8e7a67ce2791cac', '5b6db9e0580154000153cc64']
list_604.csv: 3,['5e695bb0254c4a2103ed09da', '61539b3fa541b182c0fadde1', '5f99e3924794e30ca961b49a']
list_605.csv: 3,['5fc1fd0f60e49e305afcc6a5', '56ee521a65ca4d000cc39e55', '5c11f8202b16ba0001c8b764']
list_606.csv: 3,['610a212f38e2516d24c27835', '5f877e0715f8781a0c7c3ab8', '5c1c74700036a80001193c24']
list_607.csv: 3,['5e3f778e91be661ca60e3540', '5f0c59ee0238fd5b5718f7be', '5f0630393d7668176c72d5ab']
list_608.csv: 3,['5bdcf0649ab26e0001a4947c', '61245f186a02da5d144efed8', '58d9a79c33fef3000118abdf']
list_609.csv: 3,['6108755566ea91cc4bf94c0a', '6046a188dcbc890e9b609f20', '5ca227b36b36c400013ce15a']
list_610.csv: 3,['60efa510e3cdfbbf4d7c355b', '60fcd2d346c8187e14cfd677', '60f4b14a9435eb98788273b0']
list_611.csv: 3,['5dac4dad5e53cc001499f1f6', '5c27de12a2b00a00018b2c16', '6019a7211839d5112bf03628']
list_612.csv: 3,['61fa92435719bc09cb8349e3', '615713b00677967239fcebf3', '622a943b60f2ad1efe55d25b']
list_613.csv: 3,['629e3b29a4c6a6994feefef8', '58a2952076c5b7000166150a', '56797198c3041a0012b64b5e']
list_614.csv: 3,['6291b079cfa3be8a788f5dfc', '5f3ed5c238cf461818f961b0', '62bfd37afc148e31de774907']
list_615.csv: 3,['5e483052a742a3000f7c15e8', '5c6fb7c3c114eb00018b3154', '5f6acad28b024c1accc52f0c']
list_616.csv: 3,['6171125c1d572c106f10824e', '5ec89ac144972a37fb659ffa', '62c7c1ce37eb8eeebddc0c77']
list_617.csv: 3,['5ec478db51d91c000c5fd7d4', '5ecbd383243b3438410dae19', '5dd3d566e05cad3b130de19a']
list_618.csv: 3,['6169ece65b61efd44d11a316', '60fefa8d26f46e84a295b223', '5d42486206811e001ada5b4b']
list_619.csv: 3,['5d324a015216f200175abfc3', '5e11882114ae638303c715d9', '5d0fc2558cf933001663c77b']
list_620.csv: 3,['5e3cddaa64dfd70d85a5ef3f', '5513256cfdf99b1607b1f47b', '5ae3223938df950001455e66']
list_621.csv: 4,['6108cb638ec02d2e0357e43e', '580bea98827ca10001db514e', '5ecbd383243b3438410dae19', '60676ca9d89f1afc68610788']
list_622.csv: 3,['61549a2caa92d84f392000e9', '60fc855e03afaabca212e804', '606225a0233eebc416fcdb08']
list_623.csv: 3,['5f70d47e79bdca6d8099ecb2', '6104b03b594162bfe102b6e8', '628fa5a9e4861ff79f633452']
list_624.csv: 3,['5fffdc5f626a1e1582ab6b9e', '627e7b6d33e1df14160c05ba', '60da65c630ff4389c297b03c']
list_625.csv: 3,['5fa4c21a04bc5912180291bc', '60d13d8046217e3b0ac6e124', '59e91cebae9f950001d8466a']
list_626.csv: 3,['5ee509a09776d122a88d2ca4', '590208c89571f50001c666e3', '6149527a450140c071bd5c2e']
list_627.csv: 3,['5dd321de568ca5331021fb2b', '615cf2d3e9dfb81e7ef3668d', '5d634b27e5f92f0017196a3f']
list_628.csv: 3,['5c720c7278263500015665f9', '5f34511f59accc19bb769258', '62f1b4c7dfbde02b952a98c2']
list_629.csv: 3,['5e68083669f4cf0c05439f94', '5dac4dad5e53cc001499f1f6', '5bb23c4aa2fec100011ce3ef']
list_630.csv: 3,['5938e042e9b44100013ae891', '5dc4a52b655ad2371b62dfd1', '612dbe2a26a0d4596f39d477']
list_631.csv: 3,['60bb7fead6d3230f8b754900', '58a202ac66e4640001c52bfd', '5e83da30261259130885eebc']
list_632.csv: 3,['60da65c630ff4389c297b03c', '6061fff2c21e787791b1d052', '5ded1ccecaeb603e2d2dfc70']
list_633.csv: 3,['5c31f92c23f1c60001a6a3e8', '5cb67a7ab73e8a001507fae5', '62a779f845a7840040d41bf8']
list_634.csv: 3,['5a8891155292b800012316a8', '5f643b56fce4571cbb1fb824', '5a502d82e0cf3d000125df70']
list_635.csv: 3,['60fd02da0a86e809c27e1814', '614149e12ad52d5ea08555e9', '62c354508875159e77075742']
list_636.csv: 3,['6292d1f090c17e291ae3741d', '6018716ed4f78810e4763ecb', '627892b9d1e41df8b9679538']
list_637.csv: 3,['604d09c45aedf7f70c3c66bf', '613158acb661a205331e4da3', '607fe1df924739a885d805fb']
list_638.csv: 3,['5c5d0c72d697e70001079ca0', '5e7d09e7f0a5a00c4a1ccf96', '6043cbd95042bc3eba7b4bc1']
list_639.csv: 3,['5c4e21f57fa7aa000168b823', '62b5ea86c27a56a257dffc82', '610e0dc76d43ecb6fea93855']
list_640.csv: 3,['5d6807f9778de5001a120d9a', '5dd31ee6181abc335d955478', '6114536a855a3dde7292bdde']
list_641.csv: 3,['56c8915edfea6c000cb29c98', '62b4f3a97754f68bce92586d', '60d2681a54900d4e1cf3d392']
list_642.csv: 3,['628c2454c8c66010dd87391d', '6285926db8da90bb0369a946', '5eeaae03e1959f18cd331cd0']
list_643.csv: 3,['59c843b646f72100019067ce', '599eaf0fbfd73c00010ea24e', '608a51c4f7ad9ed67d5c2aa5']
list_644.csv: 3,['5ae9cadf7de272000165843c', '5bcf9a4765502300013b74a6', '5fadebb39dc2c0218d460645']
list_645.csv: 3,['62d858d56b4f41ffc424a674', '61087689e968fcf3269375c1', '628ff919d843cc2a752e489a']
list_646.csv: 3,['5e059d716f6c63fd5191beca', '628ba79780c13c1f2a121110', '62866264394aea9d61adb089']
list_647.csv: 3,['601a1d5cc387d522978bb982', '60ff00e67d4182e509c0802a', '60c739d1b402ae0d42b37c66']
list_648.csv: 3,['5e9ce0a46976671ceda6082a', '5ba5d8b960f3d50001697104', '61032274bad76a096a09f0b0']
list_649.csv: 3,['5cc89e608c322e00019149e1', '5ae3a41d32ef52000131a531', '6062aaaac8c0cf29c2c50283']
list_650.csv: 3,['60d2b326161a622cd363268a', '614662c1c31697525616534f', '5c11f8202b16ba0001c8b764']
list_651.csv: 3,['56ec9fa4f9ffc4000ac1941b', '589f84ba27c3bb00014e6ab4', '5df15bc3361a8506b94f79ed']
list_652.csv: 3,['62c387e4c664472da3ad4569', '5be87ae193ca1f00014dae06', '6163abe84640981d685a57f2']
list_653.csv: 3,['615e0d2fedd874586d1609ed', '5da20df461471f0014bb184e', '6107f51b2c474ccbd0b42832']
list_654.csv: 3,['5e555e3152f93b5508f5bc16', '5997b3f8d0bcd10001dd902a', '6119ccaad19b17d52526b724']
list_655.csv: 3,['6145a88c94a2c86532d36b0f', '628ff919d843cc2a752e489a', '5c5e686420cbdb0001668ad7']
list_656.csv: 3,['607e62ea9925b64295c4506d', '6108391987a04f5215e99694', '61202a222a23700ed108b394']
list_657.csv: 3,['5df861926aab7c5f659dfd85', '62def7f317484b622efb87dd', '5d58ff5f0569c500191eab3b']
list_658.csv: 3,['60fd032975f48d086e0ff4c7', '5cab7cc86d3a6e001519d9e9', '5c7c9be7180995001167c623']
list_659.csv: 3,['6111a1563a1ee66375aa174b', '5f29aa2ef40fa7112bcb2b80', '5eeecdb7ea75141596f2defd']
list_660.csv: 3,['58043bb3bd8a970001fdef44', '5d07f739f5d10a001815058e', '5ffb78b8a6ba6f073a9f0381']
list_661.csv: 3,['5c35ad4bdb7cf60001204af9', '5e6387b1b7d70b10675e3a26', '61077f9b3220b4f70e120b6e']
list_662.csv: 3,['60fc8f87e8ad692447b04247', '5b6515e83662a8000158b2aa', '61094c7cb8c79b6a734c2d0c']
list_663.csv: 3,['5f4bdd7c8d15cc7d0cdf4c9c', '610844c3fa036f5077c23304', '5f5ae0be76a9511f219212a9']
list_664.csv: 3,['58477607f1b9b3000192bb01', '615cf2d3e9dfb81e7ef3668d', '628d62e2c99c773b217f1321']
list_665.csv: 3,['611c63ddaefe8fdf13c8cbad', '5e1ec91406121f1f6cab0e0b', '60a5f02f391dbc256811eb55']
list_666.csv: 3,['60204556a5fe01622758e71d', '62ba11a2ed9af23e833248c4', '6153144b6c389cb97e3169c3']
list_667.csv: 3,['5962ceff8474920001bd266e', '60fee6b26d66c814c4f3a5b4', '5c716382891e320001247549']
list_668.csv: 3,['614af89a94339a92bf646754', '62728bf08f2b0b8cda4cd624', '5fd14598fd2de30f5eea2fc4']
list_669.csv: 3,['628270e095732de2fb39cc2a', '5efbdfe2d66b1418c2ba858a', '5eb030bbb492f20a78468f88']
list_670.csv: 3,['622e06e4046635b0eb64f103', '610af9910c4d079d84e855f4', '5cf2b5fb392ca3001a117d96']
list_671.csv: 2,['5cd8a78e0f0de600018e782f', '628e24c80b3e2b2e0d7a5af1']
list_672.csv: 3,['5f0a7dec44c42c19a6c9f6d9', '62bb444ed2e02ae20ac11cdd', '5aedfba176b763000132f7fe']
list_673.csv: 3,['5d4ac837d2844e0001ecf699', '60fcd23084f0887eab926342', '628e0d83c09e5a879c35c648']
list_674.csv: 3,['610b1a9f84ca0547e1342cef', '55bb74f1fdf99b1519ef4762', '627f448165ed9095fd43cfd1']
list_675.csv: 3,['60fce902884e47e74d3c9c31', '61004c113eeebb647c92a0c6', '60ff7440ba8887f8c37c94be']
list_676.csv: 3,['5dededfd2f942d492d0e36d7', '5cb128db0d14d3001838eef5', '5f1be7d0ae31234123acbfd2']
list_677.csv: 3,['60fcd954f5ff1656599b53c9', '61501967e49a3d7e1977e4b4', '628e3cfc436abd62900e30b9']
list_678.csv: 3,['61080772735c46a8c18b1277', '629e3531a1dde5d808a5732b', '60fd7cca95936026b622beee']
list_679.csv: 3,['62a1e94001b65f26e2263be1', '62b07999216d375c631fcb1b', '62a886649645c656e73e0bb5']
list_680.csv: 3,['60ee94db81cb621683412b8a', '6087b1bb46c5ed3218e5bd93', '5e1d0bdfdc1a170a132a6980']
list_681.csv: 3,['5588ee6ffdf99b304dd48297', '5997b3f8d0bcd10001dd902a', '62b237568978f68ad2b6f7c8']
list_682.csv: 3,['5c1587c84c29140001cdbd57', '614a196915fe3599c2741321', '5d4223bc1f8c99001a08f9e2']
list_683.csv: 3,['62728bf08f2b0b8cda4cd624', '5e8e8de7938297142d26f43f', '5a791168f49c9a0001f31061']
list_684.csv: 3,['5f504a77d3e0341bf804cace', '6109d5b1a9daba0fb4e833b9', '610585e9facb18bce7620c0c']
list_685.csv: 3,['62ac8eeeb54d21031101fced', '5faeedf0aac0db0cd4c498c5', '60ff1667d33c26f94974305b']
list_686.csv: 3,['5f77b243c99f31316e4cae58', '5e86683284b3b70d834f95d4', '60da65c630ff4389c297b03c']
list_687.csv: 3,['62839b5f73ebabded1ce5e68', '5c4fa169ee5ae100010a2057', '5aea962d0ef2f20001858c9c']
list_688.csv: 3,['5d0845f9e4b46500019376af', '56ed166d0260df000d2f011d', '613fe0b36b1218189060ab0d']
list_689.csv: 3,['5e72e0d8adc903240ac70891', '5d9012a0c2d61c00192e47b2', '6170fd96a9bd6d37fecdff21']
list_690.csv: 3,['6286c4c0df22b592d4ae632a', '610976ed65d7d7530430394d', '5e679b0a07df760364841651']
list_691.csv: 3,['61549a2caa92d84f392000e9', '620bdddea922fc3f247f6d34', '6111f0e7ec5e03966bf7dbea']
list_692.csv: 3,['62ba56a38336752ccc066849', '60fcc96991d7f1dff0cfb17f', '5d3a10f0708b4f0001aa2513']
list_693.csv: 3,['5d619ce22f53a30017e55e56', '590f8c4c67706b0001db396a', '614e8713ba7000ac40031538']
list_694.csv: 3,['5ea504fab644924da3fbfad3', '61086f7fa61a5cf15d5079e6', '6150b569f783a47ea40a79a4']
list_695.csv: 3,['5f329e8ab0b75908718ae57f', '56c8915edfea6c000cb29c98', '611c7cf640a6c99660836334']
list_696.csv: 3,['6149f9813e3249642704b2eb', '5d7c4978e34654001a80f1ba', '574eab79c18847000e071119']
list_697.csv: 3,['6094a41f36a19091aa12d460', '60f5d68c9b6838e7659f53af', '5dd06a074ad3e2149c884661']
